SRS1992958_437	SRS1992958_vamb_18
SRS1992958_829	SRS1992958_vamb_18
SRS1992958_1637	SRS1992958_vamb_18
SRS1992958_1169	SRS1992958_vamb_18
SRS1992958_1446	SRS1992958_vamb_18
SRS1992958_833	SRS1992958_vamb_18
SRS1992958_446	SRS1992958_vamb_18
SRS1992958_709	SRS1992958_vamb_18
SRS1992958_1360	SRS1992958_vamb_18
SRS1992958_777	SRS1992958_vamb_18
SRS1992958_887	SRS1992958_vamb_18
SRS1992958_1175	SRS1992958_vamb_18
SRS1992958_326	SRS1992958_vamb_18
SRS1992958_308	SRS1992958_vamb_18
SRS1992958_1202	SRS1992958_vamb_18
SRS1992958_813	SRS1992958_vamb_18
SRS1992958_992	SRS1992958_vamb_18
SRS1992958_291	SRS1992958_vamb_18
SRS1992958_1290	SRS1992958_vamb_18
SRS1992958_1483	SRS1992958_vamb_18
SRS1992958_280	SRS1992958_vamb_18
SRS1992958_1561	SRS1992958_vamb_18
SRS1992958_1619	SRS1992958_vamb_18
SRS1992958_1013	SRS1992958_vamb_18
SRS1992958_1448	SRS1992958_vamb_18
SRS1992958_1059	SRS1992958_vamb_18
SRS1992958_726	SRS1992958_vamb_18
SRS1992958_1408	SRS1992958_vamb_18
SRS1992958_482	SRS1992958_vamb_18
SRS1992958_802	SRS1992958_vamb_18
SRS1992958_999	SRS1992958_vamb_18
SRS1992958_1367	SRS1992958_vamb_18
SRS1992958_715	SRS1992958_vamb_18
SRS1992958_528	SRS1992958_vamb_18
SRS1992958_393	SRS1992958_vamb_18
SRS1992958_1615	SRS1992958_vamb_18
SRS1992958_1172	SRS1992958_vamb_18
SRS1992958_935	SRS1992958_vamb_18
SRS1992958_429	SRS1992958_vamb_18
SRS1992958_1002	SRS1992958_vamb_18
SRS1992958_899	SRS1992958_vamb_18
SRS1992958_574	SRS1992958_vamb_18
SRS1992958_840	SRS1992958_vamb_18
SRS1992958_536	SRS1992958_vamb_18
SRS1992958_830	SRS1992958_vamb_18
SRS1992958_415	SRS1992958_vamb_18
SRS1992958_1620	SRS1992958_vamb_18
SRS1992958_1405	SRS1992958_vamb_18
SRS1992958_859	SRS1992958_vamb_18
SRS1992958_1361	SRS1992958_vamb_18
SRS1992958_256	SRS1992958_vamb_18
SRS1992958_816	SRS1992958_vamb_18
SRS1992958_1456	SRS1992958_vamb_18
SRS1992958_848	SRS1992958_vamb_18
SRS1992958_460	SRS1992958_vamb_18
SRS1992958_1516	SRS1992958_vamb_18
SRS1992958_547	SRS1992958_vamb_18
SRS1992958_939	SRS1992958_vamb_18
SRS1992958_1461	SRS1992958_vamb_18
SRS1992958_1164	SRS1992958_vamb_18
SRS1992958_1043	SRS1992958_vamb_18
SRS1992958_717	SRS1992958_vamb_18
SRS1992958_874	SRS1992958_vamb_18
SRS1992958_652	SRS1992958_vamb_18
SRS1992958_988	SRS1992958_vamb_18
SRS1992958_1003	SRS1992958_vamb_18
SRS1992958_1308	SRS1992958_vamb_18
SRS1992958_1180	SRS1992958_vamb_18
SRS1992958_349	SRS1992958_vamb_18
SRS1992958_1428	SRS1992958_vamb_18
SRS1992958_448	SRS1992958_vamb_18
SRS1992958_955	SRS1992958_vamb_18
SRS1992958_856	SRS1992958_vamb_18
SRS1992958_613	SRS1992958_vamb_18
SRS1992958_1588	SRS1992958_vamb_18
SRS1992958_1558	SRS1992958_vamb_18
SRS1992958_1014	SRS1992958_vamb_18
SRS1992958_1152	SRS1992958_vamb_18
SRS1992958_1026	SRS1992958_vamb_18
SRS1992958_912	SRS1992958_vamb_18
SRS1992958_332	SRS1992958_vamb_18
SRS1992958_1310	SRS1992958_vamb_18
SRS1992958_1032	SRS1992958_vamb_18
SRS1992958_1469	SRS1992958_vamb_18
SRS1992958_1391	SRS1992958_vamb_18
SRS1992958_737	SRS1992958_vamb_18
SRS1992958_1061	SRS1992958_vamb_18
SRS1992958_878	SRS1992958_vamb_18
SRS1992958_750	SRS1992958_vamb_18
SRS1992958_641	SRS1992958_vamb_18
SRS1992958_1497	SRS1992958_vamb_18
SRS1992958_1326	SRS1992958_vamb_18
SRS1992958_1421	SRS1992958_vamb_18
SRS1992958_347	SRS1992958_vamb_18
SRS1992958_1354	SRS1992958_vamb_18
SRS1992958_1094	SRS1992958_vamb_18
SRS1992958_858	SRS1992958_vamb_18
SRS1992958_950	SRS1992958_vamb_18
SRS1992958_1106	SRS1992958_vamb_18
SRS1992958_1418	SRS1992958_vamb_18
SRS1992958_309	SRS1992958_vamb_18
SRS1992958_1051	SRS1992958_vamb_18
SRS1992958_586	SRS1992958_vamb_18
SRS1992958_946	SRS1992958_vamb_18
SRS1992958_1024	SRS1992958_vamb_18
SRS1992958_1104	SRS1992958_vamb_18
SRS1992958_195	SRS1992958_vamb_18
SRS1992958_729	SRS1992958_vamb_18
SRS1992958_1635	SRS1992958_vamb_18
SRS1992958_1255	SRS1992958_vamb_18
SRS1992958_1450	SRS1992958_vamb_18
SRS1992958_846	SRS1992958_vamb_18
SRS1992958_640	SRS1992958_vamb_18
SRS1992958_1330	SRS1992958_vamb_18
SRS1992958_464	SRS1992958_vamb_18
SRS1992958_1397	SRS1992958_vamb_18
SRS1992958_1589	SRS1992958_vamb_18
SRS1992958_300	SRS1992958_vamb_18
SRS1992958_764	SRS1992958_vamb_18
SRS1992958_1537	SRS1992958_vamb_18
SRS1992958_1127	SRS1992958_vamb_18
SRS1992958_1113	SRS1992958_vamb_18
SRS1992958_997	SRS1992958_vamb_18
SRS1992958_457	SRS1992958_vamb_18
SRS1992958_589	SRS1992958_vamb_18
SRS1992958_1265	SRS1992958_vamb_18
SRS1992958_612	SRS1992958_vamb_18
SRS1992958_331	SRS1992958_vamb_18
SRS1992958_1145	SRS1992958_vamb_18
SRS1992958_844	SRS1992958_vamb_18
SRS1992958_1433	SRS1992958_vamb_18
SRS1992958_1540	SRS1992958_vamb_18
SRS1992958_994	SRS1992958_vamb_18
SRS1992958_853	SRS1992958_vamb_18
SRS1992958_1278	SRS1992958_vamb_18
SRS1992958_653	SRS1992958_vamb_18
SRS1992958_541	SRS1992958_vamb_18
SRS1992958_517	SRS1992958_vamb_18
SRS1992958_658	SRS1992958_vamb_18
SRS1992958_1355	SRS1992958_vamb_18
SRS1992958_1055	SRS1992958_vamb_18
SRS1992958_664	SRS1992958_vamb_18
SRS1992958_281	SRS1992958_vamb_18
SRS1992958_885	SRS1992958_vamb_18
SRS1992958_455	SRS1992958_vamb_18
SRS1992958_735	SRS1992958_vamb_18
SRS1992958_636	SRS1992958_vamb_18
SRS1992958_1253	SRS1992958_vamb_18
SRS1992958_1131	SRS1992958_vamb_18
SRS1992958_1371	SRS1992958_vamb_18
SRS1992958_224	SRS1992958_vamb_18
SRS1992958_606	SRS1992958_vamb_18
SRS1992958_418	SRS1992958_vamb_18
SRS1992958_697	SRS1992958_vamb_18
SRS1992958_598	SRS1992958_vamb_18
SRS1992958_438	SRS1992958_vamb_18
SRS1992958_1120	SRS1992958_vamb_18
SRS1992958_710	SRS1992958_vamb_18
SRS1992958_701	SRS1992958_vamb_18
SRS1992958_719	SRS1992958_vamb_18
SRS1992958_485	SRS1992958_vamb_18
SRS1992958_1213	SRS1992958_vamb_18
SRS1992958_1041	SRS1992958_vamb_18
SRS1992958_696	SRS1992958_vamb_18
SRS1992958_1304	SRS1992958_vamb_18
SRS1992958_497	SRS1992958_vamb_18
SRS1992958_181	SRS1992958_vamb_18
SRS1992958_667	SRS1992958_vamb_18
SRS1992958_660	SRS1992958_vamb_18
SRS1992958_583	SRS1992958_vamb_18
SRS1992958_1033	SRS1992958_vamb_18
SRS1992958_1214	SRS1992958_vamb_18
SRS1992958_410	SRS1992958_vamb_18
SRS1992958_518	SRS1992958_vamb_18
SRS1992958_563	SRS1992958_vamb_18
SRS1992958_948	SRS1992958_vamb_18
SRS1992958_1207	SRS1992958_vamb_18
SRS1992958_1644	SRS1992958_vamb_18
SRS1992958_836	SRS1992958_vamb_18
SRS1992958_470	SRS1992958_vamb_18
SRS1992958_1183	SRS1992958_vamb_18
SRS1992958_356	SRS1992958_vamb_18
SRS1992958_1037	SRS1992958_vamb_18
SRS1992958_681	SRS1992958_vamb_18
SRS1992958_1204	SRS1992958_vamb_18
SRS1992958_580	SRS1992958_vamb_18
SRS1992958_740	SRS1992958_vamb_18
SRS1992958_1135	SRS1992958_vamb_18
SRS1992958_654	SRS1992958_vamb_18
SRS1992958_1359	SRS1992958_vamb_18
SRS1992958_370	SRS1992958_vamb_18
SRS1992958_862	SRS1992958_vamb_18
SRS1992958_1176	SRS1992958_vamb_18
SRS1992958_1186	SRS1992958_vamb_18
SRS1992958_964	SRS1992958_vamb_18
SRS1992958_639	SRS1992958_vamb_18
SRS1992958_333	SRS1992958_vamb_18
SRS1992958_1372	SRS1992958_vamb_18
SRS1992958_183	SRS1992958_vamb_18
SRS1992958_1117	SRS1992958_vamb_18
SRS1992958_499	SRS1992958_vamb_18
SRS1992958_275	SRS1992958_vamb_18
SRS1992958_799	SRS1992958_vamb_18
SRS1992958_1305	SRS1992958_vamb_18
SRS1992958_713	SRS1992958_vamb_18
SRS1992958_1536	SRS1992958_vamb_18
SRS1992958_1123	SRS1992958_vamb_18
SRS1992958_875	SRS1992958_vamb_18
SRS1992958_1262	SRS1992958_vamb_18
SRS1992958_855	SRS1992958_vamb_18
SRS1992958_1339	SRS1992958_vamb_18
SRS1992958_192	SRS1992958_vamb_18
SRS1992958_968	SRS1992958_vamb_18
SRS1992958_1374	SRS1992958_vamb_18
SRS1992958_854	SRS1992958_vamb_18
SRS1992958_1193	SRS1992958_vamb_18
SRS1992958_1368	SRS1992958_vamb_18
SRS1992958_693	SRS1992958_vamb_18
SRS1992958_825	SRS1992958_vamb_18
SRS1992958_1266	SRS1992958_vamb_18
SRS1992958_1571	SRS1992958_vamb_18
SRS1992958_843	SRS1992958_vamb_18
SRS1992958_473	SRS1992958_vamb_18
SRS1992958_1538	SRS1992958_vamb_18
SRS1992958_672	SRS1992958_vamb_18
SRS1992958_417	SRS1992958_vamb_18
SRS1992958_668	SRS1992958_vamb_18
SRS1992958_1077	SRS1992958_vamb_18
SRS1992958_168	SRS1992958_vamb_18
SRS1992958_380	SRS1992958_vamb_18
SRS1992958_399	SRS1992958_vamb_18
SRS1992958_357	SRS1992958_vamb_18
SRS1992958_222	SRS1992958_vamb_18
SRS1992958_782	SRS1992958_vamb_18
SRS1992958_175	SRS1992958_vamb_18
SRS1992958_381	SRS1992958_vamb_18
SRS1992958_505	SRS1992958_vamb_18
SRS1992958_1100	SRS1992958_vamb_18
SRS1992958_993	SRS1992958_vamb_18
SRS1992958_489	SRS1992958_vamb_18
SRS1992958_1301	SRS1992958_vamb_18
SRS1992958_1565	SRS1992958_vamb_18
SRS1992958_769	SRS1992958_vamb_18
SRS1992958_1534	SRS1992958_vamb_18
SRS1992958_683	SRS1992958_vamb_18
SRS1992958_1249	SRS1992958_vamb_18
SRS1992958_1386	SRS1992958_vamb_18
SRS1992958_492	SRS1992958_vamb_18
SRS1992958_1268	SRS1992958_vamb_18
SRS1992958_1473	SRS1992958_vamb_18
SRS1992958_871	SRS1992958_vamb_18
SRS1992958_1548	SRS1992958_vamb_18
SRS1992958_1504	SRS1992958_vamb_18
SRS1992958_350	SRS1992958_vamb_18
SRS1992958_1079	SRS1992958_vamb_18
SRS1992958_1591	SRS1992958_vamb_18
SRS1992958_1475	SRS1992958_vamb_18
SRS1992958_251	SRS1992958_vamb_18
SRS1992958_1547	SRS1992958_vamb_18
SRS1992958_703	SRS1992958_vamb_18
SRS1992958_1582	SRS1992958_vamb_18
SRS1992958_452	SRS1992958_vamb_18
SRS1992958_1400	SRS1992958_vamb_18
SRS1992958_1639	SRS1992958_vamb_18
SRS1992958_401	SRS1992958_vamb_18
SRS1992958_1269	SRS1992958_vamb_18
SRS1992958_1285	SRS1992958_vamb_18
SRS1992958_679	SRS1992958_vamb_18
SRS1992958_483	SRS1992958_vamb_18
SRS1992958_788	SRS1992958_vamb_18
SRS1992958_319	SRS1992958_vamb_18
SRS1992958_1466	SRS1992958_vamb_18
SRS1992958_1150	SRS1992958_vamb_18
SRS1992958_1092	SRS1992958_vamb_18
SRS1992958_258	SRS1992958_vamb_18
SRS1992958_1280	SRS1992958_vamb_18
SRS1992958_250	SRS1992958_vamb_18
SRS1992958_922	SRS1992958_vamb_18
SRS1992958_809	SRS1992958_vamb_18
SRS1992958_659	SRS1992958_vamb_18
SRS1992958_544	SRS1992958_vamb_18
SRS1992958_268	SRS1992958_vamb_18
SRS1992958_628	SRS1992958_vamb_18
SRS1992958_1377	SRS1992958_vamb_18
SRS1992958_554	SRS1992958_vamb_18
SRS1992958_1212	SRS1992958_vamb_18
SRS1992958_972	SRS1992958_vamb_18
SRS1992958_847	SRS1992958_vamb_18
SRS1992958_1303	SRS1992958_vamb_18
SRS1992958_1319	SRS1992958_vamb_18
SRS1992958_609	SRS1992958_vamb_18
SRS1992958_763	SRS1992958_vamb_18
SRS1992958_294	SRS1992958_vamb_18
SRS1992958_866	SRS1992958_vamb_18
SRS1992958_296	SRS1992958_vamb_18
SRS1992958_367	SRS1992958_vamb_18
SRS1992958_1314	SRS1992958_vamb_18
SRS1992958_894	SRS1992958_vamb_18
SRS1992958_1005	SRS1992958_vamb_18
SRS1992958_1522	SRS1992958_vamb_18
SRS1992958_801	SRS1992958_vamb_18
SRS1992958_388	SRS1992958_vamb_18
SRS1992958_880	SRS1992958_vamb_18
SRS1992958_467	SRS1992958_vamb_18
SRS1992958_1073	SRS1992958_vamb_18
SRS1992958_364	SRS1992958_vamb_18
SRS1992958_808	SRS1992958_vamb_18
SRS1992958_643	SRS1992958_vamb_18
SRS1992958_1168	SRS1992958_vamb_18
SRS1992958_604	SRS1992958_vamb_18
SRS1992958_1138	SRS1992958_vamb_18
SRS1992958_600	SRS1992958_vamb_18
SRS1992958_1381	SRS1992958_vamb_18
SRS1992958_742	SRS1992958_vamb_18
SRS1992958_1239	SRS1992958_vamb_18
SRS1992958_546	SRS1992958_vamb_18
SRS1992958_773	SRS1992958_vamb_18
SRS1992958_539	SRS1992958_vamb_18
SRS1992958_791	SRS1992958_vamb_18
SRS1992958_246	SRS1992958_vamb_18
SRS1992958_302	SRS1992958_vamb_18
SRS1992958_1160	SRS1992958_vamb_18
SRS1992958_572	SRS1992958_vamb_18
SRS1992958_705	SRS1992958_vamb_18
SRS1992958_1498	SRS1992958_vamb_18
SRS1992958_733	SRS1992958_vamb_18
SRS1992958_898	SRS1992958_vamb_18
SRS1992958_852	SRS1992958_vamb_18
SRS1992958_1188	SRS1992958_vamb_18
SRS1992958_868	SRS1992958_vamb_18
SRS1992958_838	SRS1992958_vamb_18
SRS1992958_634	SRS1992958_vamb_18
SRS1992958_903	SRS1992958_vamb_18
SRS1992958_960	SRS1992958_vamb_18
SRS1992958_691	SRS1992958_vamb_18
SRS1992958_1270	SRS1992958_vamb_18
SRS1992958_1458	SRS1992958_vamb_18
SRS1992958_881	SRS1992958_vamb_18
SRS1992958_1194	SRS1992958_vamb_18
SRS1992958_800	SRS1992958_vamb_18
SRS1992958_375	SRS1992958_vamb_18
SRS1992958_1309	SRS1992958_vamb_18
SRS1992958_1632	SRS1992958_vamb_18
SRS1992958_1251	SRS1992958_vamb_18
SRS1992958_259	SRS1992958_vamb_18
SRS1992958_1198	SRS1992958_vamb_18
SRS1992958_702	SRS1992958_vamb_18
SRS1992958_1283	SRS1992958_vamb_18
SRS1992958_1248	SRS1992958_vamb_18
SRS1992958_714	SRS1992958_vamb_18
SRS1992958_597	SRS1992958_vamb_18
SRS1992958_575	SRS1992958_vamb_18
SRS1992958_690	SRS1992958_vamb_18
SRS1992958_823	SRS1992958_vamb_18
SRS1992958_1521	SRS1992958_vamb_18
SRS1992958_927	SRS1992958_vamb_18
SRS1992958_433	SRS1992958_vamb_18
SRS1992958_529	SRS1992958_vamb_18
SRS1992958_1369	SRS1992958_vamb_18
SRS1992958_406	SRS1992958_vamb_18
SRS1992958_937	SRS1992958_vamb_18
SRS1992958_957	SRS1992958_vamb_18
SRS1992958_1622	SRS1992958_vamb_18
SRS1992958_221	SRS1992958_vamb_18
SRS1992958_530	SRS1992958_vamb_18
SRS1992958_728	SRS1992958_vamb_18
SRS1992958_553	SRS1992958_vamb_18
SRS1992958_1542	SRS1992958_vamb_18
SRS1992958_666	SRS1992958_vamb_18
SRS1992958_1447	SRS1992958_vamb_18
SRS1992958_1470	SRS1992958_vamb_18
SRS1992958_1010	SRS1992958_vamb_18
SRS1992958_1177	SRS1992958_vamb_18
SRS1992958_1083	SRS1992958_vamb_18
SRS1992958_1629	SRS1992958_vamb_18
SRS1992958_190	SRS1992958_vamb_18
SRS1992958_335	SRS1992958_vamb_18
SRS1992958_917	SRS1992958_vamb_18
SRS1992958_458	SRS1992958_vamb_18
SRS1992958_218	SRS1992958_vamb_18
SRS1992958_538	SRS1992958_vamb_18
SRS1992958_1604	SRS1992958_vamb_18
SRS1992958_1425	SRS1992958_vamb_18
SRS1992958_1623	SRS1992958_vamb_18
SRS1992958_390	SRS1992958_vamb_18
SRS1992958_1438	SRS1992958_vamb_18
SRS1992958_675	SRS1992958_vamb_18
SRS1992958_414	SRS1992958_vamb_18
SRS1992958_344	SRS1992958_vamb_18
SRS1992958_1551	SRS1992958_vamb_18
SRS1992958_793	SRS1992958_vamb_18
SRS1992958_1230	SRS1992958_vamb_18
SRS1992958_361	SRS1992958_vamb_18
SRS1992958_374	SRS1992958_vamb_18
SRS1992958_743	SRS1992958_vamb_18
SRS1992958_472	SRS1992958_vamb_18
SRS1992958_1156	SRS1992958_vamb_18
SRS1992958_765	SRS1992958_vamb_18
SRS1992958_402	SRS1992958_vamb_18
SRS1992958_1366	SRS1992958_vamb_18
SRS1992958_1187	SRS1992958_vamb_18
SRS1992958_578	SRS1992958_vamb_18
SRS1992958_790	SRS1992958_vamb_18
SRS1992958_1260	SRS1992958_vamb_18
SRS1992958_569	SRS1992958_vamb_18
SRS1992958_1618	SRS1992958_vamb_18
SRS1992958_996	SRS1992958_vamb_18
SRS1992958_931	SRS1992958_vamb_18
SRS1992958_1431	SRS1992958_vamb_18
SRS1992958_1108	SRS1992958_vamb_18
SRS1992958_495	SRS1992958_vamb_18
SRS1992958_382	SRS1992958_vamb_18
SRS1992958_494	SRS1992958_vamb_18
SRS1992958_983	SRS1992958_vamb_18
SRS1992958_1018	SRS1992958_vamb_18
SRS1992958_1329	SRS1992958_vamb_18
SRS1992958_523	SRS1992958_vamb_18
SRS1992958_890	SRS1992958_vamb_18
SRS1992958_932	SRS1992958_vamb_18
SRS1992958_511	SRS1992958_vamb_18
SRS1992958_845	SRS1992958_vamb_18
SRS1992958_961	SRS1992958_vamb_18
SRS1992958_520	SRS1992958_vamb_18
SRS1992958_1000	SRS1992958_vamb_18
SRS1992958_1358	SRS1992958_vamb_18
SRS1992958_981	SRS1992958_vamb_18
SRS1992958_551	SRS1992958_vamb_18
SRS1992958_379	SRS1992958_vamb_18
SRS1992958_421	SRS1992958_vamb_18
SRS1992958_851	SRS1992958_vamb_18
SRS1992958_908	SRS1992958_vamb_18
SRS1992958_753	SRS1992958_vamb_18
SRS1992958_629	SRS1992958_vamb_18
SRS1992958_1636	SRS1992958_vamb_18
SRS1992958_1507	SRS1992958_vamb_18
SRS1992958_1165	SRS1992958_vamb_18
SRS1992958_571	SRS1992958_vamb_18
SRS1992958_371	SRS1992958_vamb_18
SRS1992958_627	SRS1992958_vamb_18
SRS1992958_412	SRS1992958_vamb_18
SRS1992958_990	SRS1992958_vamb_18
SRS1992958_776	SRS1992958_vamb_18
SRS1992958_1451	SRS1992958_vamb_18
SRS1992958_531	SRS1992958_vamb_18
SRS1992958_1506	SRS1992958_vamb_18
SRS1992958_1019	SRS1992958_vamb_18
SRS1992958_892	SRS1992958_vamb_18
SRS1992958_1613	SRS1992958_vamb_18
SRS1992958_975	SRS1992958_vamb_18
SRS1992958_461	SRS1992958_vamb_18
SRS1992958_661	SRS1992958_vamb_18
SRS1992958_513	SRS1992958_vamb_18
SRS1992958_624	SRS1992958_vamb_18
SRS1992958_1205	SRS1992958_vamb_18
SRS1992958_1626	SRS1992958_vamb_20
SRS1992958_1096	SRS1992958_vamb_20
SRS1992958_1442	SRS1992958_vamb_20
SRS1992958_1602	SRS1992958_vamb_20
SRS1992958_1531	SRS1992958_vamb_20
SRS1992958_1444	SRS1992958_vamb_20
SRS1992958_1552	SRS1992958_vamb_20
SRS1992958_1081	SRS1992958_vamb_20
SRS1992958_1476	SRS1992958_vamb_20
SRS1992958_1245	SRS1992958_vamb_20
SRS1992958_1148	SRS1992958_vamb_20
SRS1992958_1122	SRS1992958_vamb_20
SRS1992958_1559	SRS1992958_vamb_20
SRS1992958_1046	SRS1992958_vamb_20
SRS1992958_1089	SRS1992958_vamb_20
SRS1992958_1545	SRS1992958_vamb_20
SRS1992958_1203	SRS1992958_vamb_20
SRS1992958_1256	SRS1992958_vamb_20
SRS1992958_882	SRS1992958_vamb_20
SRS1992958_900	SRS1992958_vamb_20
SRS1992958_1341	SRS1992958_vamb_20
SRS1992958_804	SRS1992958_vamb_20
SRS1992958_745	SRS1992958_vamb_20
SRS1992958_877	SRS1992958_vamb_20
SRS1992958_787	SRS1992958_vamb_20
SRS1992958_1574	SRS1992958_vamb_20
SRS1992958_1025	SRS1992958_vamb_20
SRS1992958_1634	SRS1992958_vamb_20
SRS1992958_803	SRS1992958_vamb_20
SRS1992958_1297	SRS1992958_vamb_20
SRS1992958_1244	SRS1992958_vamb_20
SRS1992958_1628	SRS1992958_vamb_20
SRS1992958_1584	SRS1992958_vamb_20
SRS1992958_888	SRS1992958_vamb_20
SRS1992958_1071	SRS1992958_vamb_20
SRS1992958_1111	SRS1992958_vamb_20
SRS1992958_1292	SRS1992958_vamb_20
SRS1992958_770	SRS1992958_vamb_20
SRS1992958_911	SRS1992958_vamb_20
SRS1992958_1410	SRS1992958_vamb_20
SRS1992958_501	SRS1992958_vamb_20
SRS1992958_1162	SRS1992958_vamb_20
SRS1992958_1491	SRS1992958_vamb_20
SRS1992958_980	SRS1992958_vamb_20
SRS1992958_1067	SRS1992958_vamb_20
SRS1992958_1544	SRS1992958_vamb_20
SRS1992958_811	SRS1992958_vamb_20
SRS1992958_1423	SRS1992958_vamb_20
SRS1992958_1443	SRS1992958_vamb_20
SRS1992958_1557	SRS1992958_vamb_20
SRS1992958_1452	SRS1992958_vamb_20
SRS1992958_1638	SRS1992958_vamb_20
SRS1992958_1076	SRS1992958_vamb_20
SRS1992958_940	SRS1992958_vamb_20
SRS1992958_1566	SRS1992958_vamb_20
SRS1992958_1415	SRS1992958_vamb_20
SRS1992958_965	SRS1992958_vamb_20
SRS1992958_1398	SRS1992958_vamb_20
SRS1992958_1250	SRS1992958_vamb_20
SRS1992958_1387	SRS1992958_vamb_20
SRS1992958_1105	SRS1992958_vamb_20
SRS1992958_1496	SRS1992958_vamb_20
SRS1992958_1519	SRS1992958_vamb_20
SRS1992958_1039	SRS1992958_vamb_20
SRS1992958_987	SRS1992958_vamb_20
SRS1992958_1151	SRS1992958_vamb_20
SRS1992958_1570	SRS1992958_vamb_20
SRS1992958_1564	SRS1992958_vamb_20
SRS1992958_1441	SRS1992958_vamb_20
SRS1992958_1583	SRS1992958_vamb_20
SRS1992958_807	SRS1992958_vamb_20
SRS1992958_1576	SRS1992958_vamb_20
SRS1992958_1350	SRS1992958_vamb_20
SRS1992958_1413	SRS1992958_vamb_20
SRS1992958_1121	SRS1992958_vamb_20
SRS1992958_1532	SRS1992958_vamb_20
SRS1992958_1334	SRS1992958_vamb_20
SRS1992958_1555	SRS1992958_vamb_20
SRS1992958_918	SRS1992958_vamb_20
SRS1992958_1306	SRS1992958_vamb_20
SRS1992958_1197	SRS1992958_vamb_20
SRS1992958_1035	SRS1992958_vamb_20
SRS1992958_1118	SRS1992958_vamb_20
SRS1992958_1388	SRS1992958_vamb_20
SRS1992958_1403	SRS1992958_vamb_20
SRS1992958_989	SRS1992958_vamb_20
SRS1992958_835	SRS1992958_vamb_20
SRS1992958_1514	SRS1992958_vamb_20
SRS1992958_1530	SRS1992958_vamb_20
SRS1992958_1004	SRS1992958_vamb_20
SRS1992958_1155	SRS1992958_vamb_20
SRS1992958_1407	SRS1992958_vamb_20
SRS1992958_1640	SRS1992958_vamb_20
SRS1992958_582	SRS1992958_vamb_20
SRS1992958_1515	SRS1992958_vamb_20
SRS1992958_665	SRS1992958_vamb_20
SRS1992958_796	SRS1992958_vamb_20
SRS1992958_1479	SRS1992958_vamb_20
SRS1992958_1211	SRS1992958_vamb_20
SRS1992958_1195	SRS1992958_vamb_20
SRS1992958_1580	SRS1992958_vamb_20
SRS1992958_1579	SRS1992958_vamb_20
SRS1992958_1047	SRS1992958_vamb_20
SRS1992958_1523	SRS1992958_vamb_20
SRS1992958_1159	SRS1992958_vamb_20
SRS1992958_822	SRS1992958_vamb_20
SRS1992958_1528	SRS1992958_vamb_20
SRS1992958_1424	SRS1992958_vamb_20
SRS1992958_1575	SRS1992958_vamb_20
SRS1992958_1541	SRS1992958_vamb_20
SRS1992958_13	SRS1992958_vamb_370
SRS1992958_6	SRS1992958_vamb_370
SRS1992958_680	SRS1992958_vamb_370
SRS1992958_53	SRS1992958_vamb_370
SRS1992958_42	SRS1992958_vamb_370
SRS1992958_67	SRS1992958_vamb_370
SRS1992958_50	SRS1992958_vamb_370
SRS1992958_66	SRS1992958_vamb_370
SRS1992958_28	SRS1992958_vamb_370
SRS1992958_27	SRS1992958_vamb_370
SRS1992958_1	SRS1992958_vamb_370
SRS1992958_4	SRS1992958_vamb_370
SRS1992958_0	SRS1992958_vamb_370
SRS1992958_25	SRS1992958_vamb_370
SRS1992958_24	SRS1992958_vamb_370
SRS1992958_20	SRS1992958_vamb_370
SRS1992958_64	SRS1992958_vamb_370
SRS1992958_22	SRS1992958_vamb_370
SRS1992958_15	SRS1992958_vamb_370
SRS1992958_16	SRS1992958_vamb_370
SRS1992958_60	SRS1992958_vamb_370
SRS1992958_12	SRS1992958_vamb_370
SRS1992958_143	SRS1992958_vamb_370
SRS1992958_111	SRS1992958_vamb_370
SRS1992958_86	SRS1992958_vamb_370
SRS1992958_9	SRS1992958_vamb_370
SRS1992958_37	SRS1992958_vamb_370
SRS1992958_88	SRS1992958_vamb_370
SRS1992958_48	SRS1992958_vamb_370
SRS1992958_33	SRS1992958_vamb_370
SRS1992958_21	SRS1992958_vamb_370
SRS1992958_14	SRS1992958_vamb_615
SRS1992958_117	SRS1992958_vamb_615
SRS1992958_26	SRS1992958_vamb_615
SRS1992958_18	SRS1992958_vamb_615
SRS1992958_11	SRS1992958_vamb_615
SRS1992958_31	SRS1992958_vamb_615
SRS1992958_10	SRS1992958_vamb_615
SRS1992958_2	SRS1992958_vamb_615
SRS1992958_237	SRS1992958_vamb_615
SRS1992958_77	SRS1992958_vamb_615
SRS1992958_54	SRS1992958_vamb_615
SRS1992958_36	SRS1992958_vamb_615
SRS1992958_7	SRS1992958_vamb_615
SRS1992958_5	SRS1992958_vamb_615
SRS1992958_17	SRS1992958_vamb_615
SRS1992958_277	SRS1992958_vamb_664
SRS1992958_82	SRS1992958_vamb_664
SRS1992958_262	SRS1992958_vamb_664
SRS1992958_287	SRS1992958_vamb_664
SRS1992958_879	SRS1992958_vamb_664
SRS1992958_29	SRS1992958_vamb_664
SRS1992958_173	SRS1992958_vamb_664
SRS1992958_685	SRS1992958_vamb_664
SRS1992958_416	SRS1992958_vamb_664
SRS1992958_468	SRS1992958_vamb_664
SRS1992958_1263	SRS1992958_vamb_664
SRS1992958_226	SRS1992958_vamb_664
SRS1992958_227	SRS1992958_vamb_664
SRS1992958_1436	SRS1992958_vamb_664
SRS1992958_1315	SRS1992958_vamb_664
SRS1992958_40	SRS1992958_vamb_664
SRS1992958_178	SRS1992958_vamb_664
SRS1992958_384	SRS1992958_vamb_664
SRS1992958_305	SRS1992958_vamb_664
SRS1992958_372	SRS1992958_vamb_664
SRS1992958_650	SRS1992958_vamb_664
SRS1992958_41	SRS1992958_vamb_664
SRS1992958_230	SRS1992958_vamb_664
SRS1992958_368	SRS1992958_vamb_664
SRS1992958_761	SRS1992958_vamb_664
SRS1992958_209	SRS1992958_vamb_664
SRS1992958_1277	SRS1992958_vamb_664
SRS1992958_601	SRS1992958_vamb_664
SRS1992958_925	SRS1992958_vamb_664
SRS1992958_272	SRS1992958_vamb_664
SRS1992958_469	SRS1992958_vamb_664
SRS1992958_276	SRS1992958_vamb_664
SRS1992958_723	SRS1992958_vamb_664
SRS1992958_557	SRS1992958_vamb_664
SRS1992958_100	SRS1992958_vamb_664
SRS1992958_285	SRS1992958_vamb_664
SRS1992958_328	SRS1992958_vamb_664
SRS1992958_57	SRS1992958_vamb_664
SRS1992958_127	SRS1992958_vamb_664
SRS1992958_342	SRS1992958_vamb_664
SRS1992958_362	SRS1992958_vamb_664
SRS1992958_69	SRS1992958_vamb_664
SRS1992958_59	SRS1992958_vamb_664
SRS1992958_193	SRS1992958_vamb_664
SRS1992958_674	SRS1992958_vamb_664
SRS1992958_164	SRS1992958_vamb_664
SRS1992958_797	SRS1992958_vamb_664
SRS1992958_514	SRS1992958_vamb_664
SRS1992958_96	SRS1992958_vamb_664
SRS1992958_131	SRS1992958_vamb_664
SRS1992958_555	SRS1992958_vamb_664
SRS1992958_106	SRS1992958_vamb_664
SRS1992958_205	SRS1992958_vamb_664
SRS1992958_861	SRS1992958_vamb_664
SRS1992958_577	SRS1992958_vamb_664
SRS1992958_180	SRS1992958_vamb_664
SRS1992958_157	SRS1992958_vamb_664
SRS1992958_46	SRS1992958_vamb_664
SRS1992958_315	SRS1992958_vamb_664
SRS1992958_201	SRS1992958_vamb_664
SRS1992958_436	SRS1992958_vamb_664
SRS1992958_913	SRS1992958_vamb_664
SRS1992958_1517	SRS1992958_vamb_664
SRS1992958_202	SRS1992958_vamb_664
SRS1992958_550	SRS1992958_vamb_664
SRS1992958_353	SRS1992958_vamb_664
SRS1992958_132	SRS1992958_vamb_664
SRS1992958_139	SRS1992958_vamb_664
SRS1992958_197	SRS1992958_vamb_664
SRS1992958_283	SRS1992958_vamb_664
SRS1992958_490	SRS1992958_vamb_664
SRS1992958_330	SRS1992958_vamb_664
SRS1992958_244	SRS1992958_vamb_664
SRS1992958_581	SRS1992958_vamb_664
SRS1992958_656	SRS1992958_vamb_664
SRS1992958_365	SRS1992958_vamb_664
SRS1992958_126	SRS1992958_vamb_664
SRS1992958_231	SRS1992958_vamb_664
SRS1992958_71	SRS1992958_vamb_664
SRS1992958_413	SRS1992958_vamb_664
SRS1992958_44	SRS1992958_vamb_664
SRS1992958_343	SRS1992958_vamb_664
SRS1992958_188	SRS1992958_vamb_664
SRS1992958_83	SRS1992958_vamb_664
SRS1992958_366	SRS1992958_vamb_664
SRS1992958_142	SRS1992958_vamb_664
SRS1992958_62	SRS1992958_vamb_664
SRS1992958_718	SRS1992958_vamb_664
SRS1992958_236	SRS1992958_vamb_664
SRS1992958_182	SRS1992958_vamb_664
SRS1992958_351	SRS1992958_vamb_664
SRS1992958_130	SRS1992958_vamb_664
SRS1992958_443	SRS1992958_vamb_664
SRS1992958_38	SRS1992958_vamb_664
SRS1992958_124	SRS1992958_vamb_664
SRS1992958_78	SRS1992958_vamb_664
SRS1992958_85	SRS1992958_vamb_664
SRS1992958_32	SRS1992958_vamb_664
SRS1992958_121	SRS1992958_vamb_664
SRS1992958_817	SRS1992958_vamb_664
SRS1992958_1272	SRS1992958_vamb_664
SRS1992958_210	SRS1992958_vamb_664
SRS1992958_110	SRS1992958_vamb_664
SRS1992958_493	SRS1992958_vamb_664
SRS1992958_345	SRS1992958_vamb_664
SRS1992958_556	SRS1992958_vamb_664
SRS1992958_299	SRS1992958_vamb_664
SRS1992958_376	SRS1992958_vamb_664
SRS1992958_673	SRS1992958_vamb_664
SRS1992958_542	SRS1992958_vamb_664
SRS1992958_191	SRS1992958_vamb_664
SRS1992958_559	SRS1992958_vamb_664
SRS1992958_171	SRS1992958_vamb_664
SRS1992958_45	SRS1992958_vamb_664
SRS1992958_974	SRS1992958_vamb_664
SRS1992958_136	SRS1992958_vamb_664
SRS1992958_165	SRS1992958_vamb_664
SRS1992958_648	SRS1992958_vamb_664
SRS1992958_462	SRS1992958_vamb_664
SRS1992958_427	SRS1992958_vamb_664
SRS1992958_540	SRS1992958_vamb_664
SRS1992958_274	SRS1992958_vamb_664
SRS1992958_1119	SRS1992958_vamb_664
SRS1992958_292	SRS1992958_vamb_664
SRS1992958_562	SRS1992958_vamb_664
SRS1992958_61	SRS1992958_vamb_664
SRS1992958_155	SRS1992958_vamb_664
SRS1992958_90	SRS1992958_vamb_664
SRS1992958_72	SRS1992958_vamb_664
SRS1992958_565	SRS1992958_vamb_664
SRS1992958_510	SRS1992958_vamb_664
SRS1992958_101	SRS1992958_vamb_664
SRS1992958_34	SRS1992958_vamb_664
SRS1992958_698	SRS1992958_vamb_664
SRS1992958_243	SRS1992958_vamb_664
SRS1992958_454	SRS1992958_vamb_664
SRS1992958_363	SRS1992958_vamb_664
SRS1992958_392	SRS1992958_vamb_664
SRS1992958_1502	SRS1992958_vamb_664
SRS1992958_1086	SRS1992958_vamb_664
SRS1992958_1107	SRS1992958_vamb_664
SRS1992958_284	SRS1992958_vamb_664
SRS1992958_76	SRS1992958_vamb_664
SRS1992958_97	SRS1992958_vamb_664
SRS1992958_266	SRS1992958_vamb_664
SRS1992958_138	SRS1992958_vamb_664
SRS1992958_148	SRS1992958_vamb_664
SRS1992958_89	SRS1992958_vamb_664
SRS1992958_532	SRS1992958_vamb_664
SRS1992958_507	SRS1992958_vamb_664
SRS1992958_239	SRS1992958_vamb_664
SRS1992958_323	SRS1992958_vamb_664
SRS1992958_1099	SRS1992958_vamb_664
SRS1992958_521	SRS1992958_vamb_664
SRS1992958_358	SRS1992958_vamb_664
SRS1992958_509	SRS1992958_vamb_664
SRS1992958_573	SRS1992958_vamb_664
SRS1992958_422	SRS1992958_vamb_664
SRS1992958_255	SRS1992958_vamb_664
SRS1992958_253	SRS1992958_vamb_664
SRS1992958_301	SRS1992958_vamb_664
SRS1992958_289	SRS1992958_vamb_664
SRS1992958_466	SRS1992958_vamb_664
SRS1992958_487	SRS1992958_vamb_664
SRS1992958_303	SRS1992958_vamb_664
SRS1992958_203	SRS1992958_vamb_664
SRS1992958_317	SRS1992958_vamb_664
SRS1992958_186	SRS1992958_vamb_664
SRS1992958_278	SRS1992958_vamb_664
SRS1992958_140	SRS1992958_vamb_664
SRS1992958_567	SRS1992958_vamb_664
SRS1992958_74	SRS1992958_vamb_664
SRS1992958_219	SRS1992958_vamb_664
SRS1992958_595	SRS1992958_vamb_664
SRS1992958_134	SRS1992958_vamb_664
SRS1992958_158	SRS1992958_vamb_664
SRS1992958_622	SRS1992958_vamb_664
SRS1992958_408	SRS1992958_vamb_664
SRS1992958_442	SRS1992958_vamb_664
SRS1992958_1022	SRS1992958_vamb_664
SRS1992958_108	SRS1992958_vamb_664
SRS1992958_594	SRS1992958_vamb_664
SRS1992958_223	SRS1992958_vamb_664
SRS1992958_867	SRS1992958_vamb_664
SRS1992958_269	SRS1992958_vamb_664
SRS1992958_290	SRS1992958_vamb_664
SRS1992958_242	SRS1992958_vamb_664
SRS1992958_93	SRS1992958_vamb_664
SRS1992958_424	SRS1992958_vamb_664
SRS1992958_503	SRS1992958_vamb_664
SRS1992958_592	SRS1992958_vamb_664
SRS1992958_49	SRS1992958_vamb_664
SRS1992958_369	SRS1992958_vamb_664
SRS1992958_214	SRS1992958_vamb_664
SRS1992958_619	SRS1992958_vamb_664
SRS1992958_128	SRS1992958_vamb_664
SRS1992958_420	SRS1992958_vamb_664
SRS1992958_320	SRS1992958_vamb_664
SRS1992958_772	SRS1992958_vamb_664
SRS1992958_137	SRS1992958_vamb_664
SRS1992958_746	SRS1992958_vamb_664
SRS1992958_314	SRS1992958_vamb_664
SRS1992958_298	SRS1992958_vamb_664
SRS1992958_270	SRS1992958_vamb_664
SRS1992958_187	SRS1992958_vamb_664
SRS1992958_447	SRS1992958_vamb_664
SRS1992958_1139	SRS1992958_vamb_664
SRS1992958_151	SRS1992958_vamb_664
SRS1992958_611	SRS1992958_vamb_664
SRS1992958_81	SRS1992958_vamb_664
SRS1992958_1411	SRS1992958_vamb_664
SRS1992958_516	SRS1992958_vamb_664
SRS1992958_172	SRS1992958_vamb_664
SRS1992958_263	SRS1992958_vamb_664
SRS1992958_47	SRS1992958_vamb_664
SRS1992958_897	SRS1992958_vamb_664
SRS1992958_144	SRS1992958_vamb_664
SRS1992958_166	SRS1992958_vamb_664
SRS1992958_419	SRS1992958_vamb_664
SRS1992958_177	SRS1992958_vamb_664
SRS1992958_167	SRS1992958_vamb_664
SRS1992958_519	SRS1992958_vamb_664
SRS1992958_1569	SRS1992958_vamb_664
SRS1992958_189	SRS1992958_vamb_664
SRS1992958_439	SRS1992958_vamb_664
SRS1992958_480	SRS1992958_vamb_664
SRS1992958_341	SRS1992958_vamb_664
SRS1992958_1585	SRS1992958_vamb_664
SRS1992958_113	SRS1992958_vamb_664
SRS1992958_471	SRS1992958_vamb_664
SRS1992958_120	SRS1992958_vamb_664
SRS1992958_632	SRS1992958_vamb_664
SRS1992958_252	SRS1992958_vamb_664
SRS1992958_591	SRS1992958_vamb_664
SRS1992958_484	SRS1992958_vamb_664
SRS1992958_176	SRS1992958_vamb_664
SRS1992958_596	SRS1992958_vamb_664
SRS1992958_385	SRS1992958_vamb_664
SRS1992958_179	SRS1992958_vamb_664
SRS1992958_79	SRS1992958_vamb_664
SRS1992958_373	SRS1992958_vamb_664
SRS1992958_154	SRS1992958_vamb_664
SRS1992958_241	SRS1992958_vamb_664
SRS1992958_810	SRS1992958_vamb_664
SRS1992958_949	SRS1992958_vamb_664
SRS1992958_133	SRS1992958_vamb_664
SRS1992958_73	SRS1992958_vamb_664
SRS1992958_394	SRS1992958_vamb_664
SRS1992958_441	SRS1992958_vamb_664
SRS1992958_65	SRS1992958_vamb_664
SRS1992958_267	SRS1992958_vamb_664
SRS1992958_584	SRS1992958_vamb_664
SRS1992958_194	SRS1992958_vamb_664
SRS1992958_407	SRS1992958_vamb_664
SRS1992958_738	SRS1992958_vamb_664
SRS1992958_431	SRS1992958_vamb_664
SRS1992958_240	SRS1992958_vamb_664
SRS1992958_337	SRS1992958_vamb_664
SRS1992958_156	SRS1992958_vamb_664
SRS1992958_560	SRS1992958_vamb_664
SRS1992958_498	SRS1992958_vamb_664
SRS1992958_149	SRS1992958_vamb_664
SRS1992958_99	SRS1992958_vamb_664
SRS1992958_228	SRS1992958_vamb_664
SRS1992958_891	SRS1992958_vamb_664
SRS1992958_174	SRS1992958_vamb_664
SRS1992958_70	SRS1992958_vamb_664
SRS1992958_346	SRS1992958_vamb_664
SRS1992958_558	SRS1992958_vamb_664
SRS1992958_234	SRS1992958_vamb_664
SRS1992958_238	SRS1992958_vamb_664
SRS1992958_488	SRS1992958_vamb_664
SRS1992958_747	SRS1992958_vamb_664
SRS1992958_534	SRS1992958_vamb_664
SRS1992958_92	SRS1992958_vamb_664
SRS1992958_688	SRS1992958_vamb_664
SRS1992958_206	SRS1992958_vamb_664
SRS1992958_199	SRS1992958_vamb_664
SRS1992958_105	SRS1992958_vamb_664
SRS1992958_160	SRS1992958_vamb_664
SRS1992958_184	SRS1992958_vamb_664
SRS1992958_329	SRS1992958_vamb_664
SRS1992958_293	SRS1992958_vamb_664
SRS1992958_135	SRS1992958_vamb_664
SRS1992958_834	SRS1992958_vamb_664
SRS1992958_352	SRS1992958_vamb_664
SRS1992958_51	SRS1992958_vamb_664
SRS1992958_1088	SRS1992958_vamb_664
SRS1992958_576	SRS1992958_vamb_664
SRS1992958_428	SRS1992958_vamb_664
SRS1992958_1036	SRS1992958_vamb_664
SRS1992958_102	SRS1992958_vamb_664
SRS1992958_271	SRS1992958_vamb_664
SRS1992958_491	SRS1992958_vamb_664
SRS1992958_1393	SRS1992958_vamb_664
SRS1992958_630	SRS1992958_vamb_664
SRS1992958_159	SRS1992958_vamb_664
SRS1992958_1284	SRS1992958_vamb_664
SRS1992958_39	SRS1992958_vamb_664
SRS1992958_75	SRS1992958_vamb_664
SRS1992958_508	SRS1992958_vamb_664
SRS1992958_608	SRS1992958_vamb_664
SRS1992958_63	SRS1992958_vamb_664
SRS1992958_286	SRS1992958_vamb_664
SRS1992958_116	SRS1992958_vamb_664
SRS1992958_1373	SRS1992958_vamb_664
SRS1992958_522	SRS1992958_vamb_664
SRS1992958_775	SRS1992958_vamb_664
SRS1992958_548	SRS1992958_vamb_664
SRS1992958_84	SRS1992958_vamb_664
SRS1992958_115	SRS1992958_vamb_664
SRS1992958_265	SRS1992958_vamb_664
SRS1992958_118	SRS1992958_vamb_664
SRS1992958_125	SRS1992958_vamb_664
SRS1992958_339	SRS1992958_vamb_664
SRS1992958_936	SRS1992958_vamb_664
SRS1992958_216	SRS1992958_vamb_664
SRS1992958_535	SRS1992958_vamb_664
SRS1992958_273	SRS1992958_vamb_664
SRS1992958_895	SRS1992958_vamb_664
SRS1992958_725	SRS1992958_vamb_664
SRS1992958_217	SRS1992958_vamb_664
SRS1992958_109	SRS1992958_vamb_664
SRS1992958_444	SRS1992958_vamb_664
SRS1992958_254	SRS1992958_vamb_664
SRS1992958_112	SRS1992958_vamb_664
SRS1992958_610	SRS1992958_vamb_664
SRS1992958_248	SRS1992958_vamb_664
SRS1992958_1346	SRS1992958_vamb_664
SRS1992958_325	SRS1992958_vamb_664
SRS1992958_1147	SRS1992958_vamb_664
SRS1992958_208	SRS1992958_vamb_664
SRS1992958_568	SRS1992958_vamb_664
SRS1992958_1546	SRS1992958_vamb_1046
SRS1992958_821	SRS1992958_vamb_1046
SRS1992958_1362	SRS1992958_vamb_1046
SRS1992958_1648	SRS1992958_vamb_1046
SRS1992958_945	SRS1992958_vamb_1046
SRS1992958_1641	SRS1992958_vamb_1046
SRS1992958_1345	SRS1992958_vamb_1046
SRS1992958_1543	SRS1992958_vamb_1046
SRS1992958_1141	SRS1992958_vamb_1046
SRS1992958_396	SRS1992958_vamb_1046
SRS1992958_1030	SRS1992958_vamb_1046
SRS1992958_1132	SRS1992958_vamb_1046
SRS1992958_1484	SRS1992958_vamb_1046
SRS1992958_1085	SRS1992958_vamb_1046
SRS1992958_760	SRS1992958_vamb_1046
SRS1992958_1624	SRS1992958_vamb_1046
SRS1992958_1614	SRS1992958_vamb_1046
SRS1992958_1535	SRS1992958_vamb_1046
SRS1992958_1568	SRS1992958_vamb_1046
SRS1992958_1616	SRS1992958_vamb_1046
SRS1992958_1389	SRS1992958_vamb_1046
SRS1992958_889	SRS1992958_vamb_1046
SRS1992958_1363	SRS1992958_vamb_1046
SRS1992958_828	SRS1992958_vamb_1046
SRS1992958_933	SRS1992958_vamb_1046
SRS1992958_1137	SRS1992958_vamb_1046
SRS1992958_941	SRS1992958_vamb_1046
SRS1992958_615	SRS1992958_vamb_1046
SRS1992958_1392	SRS1992958_vamb_1046
SRS1992958_1402	SRS1992958_vamb_1046
SRS1992958_313	SRS1992958_vamb_1046
SRS1992958_1382	SRS1992958_vamb_1046
SRS1992958_1404	SRS1992958_vamb_1046
SRS1992958_450	SRS1992958_vamb_1046
SRS1992958_971	SRS1992958_vamb_1046
SRS1992958_942	SRS1992958_vamb_1046
SRS1992958_657	SRS1992958_vamb_1046
SRS1992958_506	SRS1992958_vamb_1046
SRS1992958_1134	SRS1992958_vamb_1046
SRS1992958_860	SRS1992958_vamb_1046
SRS1992958_119	SRS1992958_vamb_1046
SRS1992958_1434	SRS1992958_vamb_1046
SRS1992958_692	SRS1992958_vamb_1046
SRS1992958_1649	SRS1992958_vamb_1046
SRS1992958_1233	SRS1992958_vamb_1046
SRS1992958_815	SRS1992958_vamb_1046
SRS1992958_311	SRS1992958_vamb_1046
SRS1992958_1217	SRS1992958_vamb_1046
SRS1992958_824	SRS1992958_vamb_1046
SRS1992958_820	SRS1992958_vamb_1046
SRS1992958_694	SRS1992958_vamb_1046
SRS1992958_1199	SRS1992958_vamb_1046
SRS1992958_631	SRS1992958_vamb_1046
SRS1992958_1114	SRS1992958_vamb_1046
SRS1992958_1364	SRS1992958_vamb_1046
SRS1992958_1432	SRS1992958_vamb_1046
SRS1992958_389	SRS1992958_vamb_2394
SRS1992958_43	SRS1992958_vamb_2394
SRS1992958_423	SRS1992958_vamb_2394
SRS1992958_129	SRS1992958_vamb_2394
SRS1992958_30	SRS1992958_vamb_2394
SRS1992958_163	SRS1992958_vamb_2394
SRS1992958_19	SRS1992958_vamb_2394
SRS1992958_55	SRS1992958_vamb_2394
SRS1992958_3	SRS1992958_vamb_2394
SRS1992958_647	SRS1992958_vamb_2394
SRS1992958_297	SRS1992958_vamb_2394
SRS1992958_312	SRS1992958_vamb_2394
SRS1992958_58	SRS1992958_vamb_2394
SRS1992958_103	SRS1992958_vamb_2394
SRS1992958_391	SRS1992958_vamb_2394
SRS1992958_147	SRS1992958_vamb_2394
SRS1992958_543	SRS1992958_vamb_2394
SRS1992958_213	SRS1992958_vamb_2394
SRS1992958_334	SRS1992958_vamb_2394
SRS1992958_23	SRS1992958_vamb_2394
SRS1992958_405	SRS1992958_vamb_2394
SRS1992958_8	SRS1992958_vamb_2394
SRS1992958_169	SRS1992958_vamb_2394
SRS1992958_249	SRS1992958_vamb_2394
SRS1992958_122	SRS1992958_vamb_2394
SRS1992958_200	SRS1992958_vamb_2394
SRS1992958_153	SRS1992958_vamb_2394
SRS1992958_56	SRS1992958_vamb_2394
SRS1992958_430	SRS1992958_vamb_2394
SRS1992958_68	SRS1992958_vamb_2394
SRS1992958_95	SRS1992958_vamb_2394
SRS1992958_87	SRS1992958_vamb_2394
SRS1992958_52	SRS1992958_vamb_2394
SRS1992958_404	SRS1992958_vamb_2394
