name	number_unique_genes	number_multiple_genes	number_multiple_unique_genes	number_missing_genes	list_unique_genes	list_multiple_genes	list_multiple_unique_genes	list_missing_genes
MAG01	11	2	0	109	PF02978.14,TIGR00042,TIGR00336,TIGR00337,TIGR00389,TIGR00392,TIGR00408,TIGR00422,TIGR00442,TIGR00468,TIGR00658	PF13685.1,TIGR02651		PF00368.13,PF00410.14,PF00466.15,PF00687.16,PF00827.12,PF00900.15,PF01000.21,PF01015.13,PF01090.14,PF01092.14,PF01157.13,PF01191.14,PF01194.12,PF01198.14,PF01200.13,PF01269.12,PF01280.15,PF01282.14,PF01496.14,PF01655.13,PF01798.13,PF01864.12,PF01866.12,PF01868.11,PF01984.15,PF01990.12,PF02006.11,PF03874.11,PF04019.7,PF04104.9,PF04919.7,PF07541.7,PF13656.1,TIGR00021,TIGR00037,TIGR00064,TIGR00111,TIGR00134,TIGR00240,TIGR00264,TIGR00270,TIGR00279,TIGR00283,TIGR00291,TIGR00293,TIGR00307,TIGR00308,TIGR00323,TIGR00324,TIGR00335,TIGR00373,TIGR00398,TIGR00405,TIGR00425,TIGR00432,TIGR00448,TIGR00456,TIGR00458,TIGR00463,TIGR00471,TIGR00490,TIGR00491,TIGR00501,TIGR00521,TIGR00522,TIGR00549,TIGR00670,TIGR00729,TIGR00936,TIGR00982,TIGR01008,TIGR01012,TIGR01018,TIGR01020,TIGR01025,TIGR01028,TIGR01038,TIGR01046,TIGR01052,TIGR01060,TIGR01077,TIGR01080,TIGR01213,TIGR01309,TIGR01952,TIGR02076,TIGR02153,TIGR02236,TIGR02258,TIGR02338,TIGR02389,TIGR02390,TIGR03626,TIGR03627,TIGR03628,TIGR03629,TIGR03636,TIGR03653,TIGR03665,TIGR03670,TIGR03671,TIGR03672,TIGR03673,TIGR03674,TIGR03677,TIGR03680,TIGR03683,TIGR03684,TIGR03722
MAG02	8	0	0	114	PF01000.21,PF02978.14,PF13685.1,TIGR00042,TIGR00389,TIGR00398,TIGR00408,TIGR00456			PF00368.13,PF00410.14,PF00466.15,PF00687.16,PF00827.12,PF00900.15,PF01015.13,PF01090.14,PF01092.14,PF01157.13,PF01191.14,PF01194.12,PF01198.14,PF01200.13,PF01269.12,PF01280.15,PF01282.14,PF01496.14,PF01655.13,PF01798.13,PF01864.12,PF01866.12,PF01868.11,PF01984.15,PF01990.12,PF02006.11,PF03874.11,PF04019.7,PF04104.9,PF04919.7,PF07541.7,PF13656.1,TIGR00021,TIGR00037,TIGR00064,TIGR00111,TIGR00134,TIGR00240,TIGR00264,TIGR00270,TIGR00279,TIGR00283,TIGR00291,TIGR00293,TIGR00307,TIGR00308,TIGR00323,TIGR00324,TIGR00335,TIGR00336,TIGR00337,TIGR00373,TIGR00392,TIGR00405,TIGR00422,TIGR00425,TIGR00432,TIGR00442,TIGR00448,TIGR00458,TIGR00463,TIGR00468,TIGR00471,TIGR00490,TIGR00491,TIGR00501,TIGR00521,TIGR00522,TIGR00549,TIGR00658,TIGR00670,TIGR00729,TIGR00936,TIGR00982,TIGR01008,TIGR01012,TIGR01018,TIGR01020,TIGR01025,TIGR01028,TIGR01038,TIGR01046,TIGR01052,TIGR01060,TIGR01077,TIGR01080,TIGR01213,TIGR01309,TIGR01952,TIGR02076,TIGR02153,TIGR02236,TIGR02258,TIGR02338,TIGR02389,TIGR02390,TIGR02651,TIGR03626,TIGR03627,TIGR03628,TIGR03629,TIGR03636,TIGR03653,TIGR03665,TIGR03670,TIGR03671,TIGR03672,TIGR03673,TIGR03674,TIGR03677,TIGR03680,TIGR03683,TIGR03684,TIGR03722
MAG03	24	1	0	97	PF00410.14,PF00466.15,PF00687.16,PF01000.21,PF02978.14,TIGR00042,TIGR00064,TIGR00240,TIGR00336,TIGR00337,TIGR00389,TIGR00392,TIGR00398,TIGR00408,TIGR00422,TIGR00442,TIGR00456,TIGR00468,TIGR00521,TIGR00658,TIGR00670,TIGR00936,TIGR01060,TIGR02651	PF13685.1		PF00368.13,PF00827.12,PF00900.15,PF01015.13,PF01090.14,PF01092.14,PF01157.13,PF01191.14,PF01194.12,PF01198.14,PF01200.13,PF01269.12,PF01280.15,PF01282.14,PF01496.14,PF01655.13,PF01798.13,PF01864.12,PF01866.12,PF01868.11,PF01984.15,PF01990.12,PF02006.11,PF03874.11,PF04019.7,PF04104.9,PF04919.7,PF07541.7,PF13656.1,TIGR00021,TIGR00037,TIGR00111,TIGR00134,TIGR00264,TIGR00270,TIGR00279,TIGR00283,TIGR00291,TIGR00293,TIGR00307,TIGR00308,TIGR00323,TIGR00324,TIGR00335,TIGR00373,TIGR00405,TIGR00425,TIGR00432,TIGR00448,TIGR00458,TIGR00463,TIGR00471,TIGR00490,TIGR00491,TIGR00501,TIGR00522,TIGR00549,TIGR00729,TIGR00982,TIGR01008,TIGR01012,TIGR01018,TIGR01020,TIGR01025,TIGR01028,TIGR01038,TIGR01046,TIGR01052,TIGR01077,TIGR01080,TIGR01213,TIGR01309,TIGR01952,TIGR02076,TIGR02153,TIGR02236,TIGR02258,TIGR02338,TIGR02389,TIGR02390,TIGR03626,TIGR03627,TIGR03628,TIGR03629,TIGR03636,TIGR03653,TIGR03665,TIGR03670,TIGR03671,TIGR03672,TIGR03673,TIGR03674,TIGR03677,TIGR03680,TIGR03683,TIGR03684,TIGR03722
MAG04	24	1	0	97	PF00410.14,PF00466.15,PF00687.16,PF01000.21,PF02978.14,TIGR00042,TIGR00064,TIGR00240,TIGR00336,TIGR00337,TIGR00389,TIGR00392,TIGR00398,TIGR00408,TIGR00422,TIGR00442,TIGR00456,TIGR00468,TIGR00521,TIGR00658,TIGR00670,TIGR00936,TIGR01060,TIGR02651	PF13685.1		PF00368.13,PF00827.12,PF00900.15,PF01015.13,PF01090.14,PF01092.14,PF01157.13,PF01191.14,PF01194.12,PF01198.14,PF01200.13,PF01269.12,PF01280.15,PF01282.14,PF01496.14,PF01655.13,PF01798.13,PF01864.12,PF01866.12,PF01868.11,PF01984.15,PF01990.12,PF02006.11,PF03874.11,PF04019.7,PF04104.9,PF04919.7,PF07541.7,PF13656.1,TIGR00021,TIGR00037,TIGR00111,TIGR00134,TIGR00264,TIGR00270,TIGR00279,TIGR00283,TIGR00291,TIGR00293,TIGR00307,TIGR00308,TIGR00323,TIGR00324,TIGR00335,TIGR00373,TIGR00405,TIGR00425,TIGR00432,TIGR00448,TIGR00458,TIGR00463,TIGR00471,TIGR00490,TIGR00491,TIGR00501,TIGR00522,TIGR00549,TIGR00729,TIGR00982,TIGR01008,TIGR01012,TIGR01018,TIGR01020,TIGR01025,TIGR01028,TIGR01038,TIGR01046,TIGR01052,TIGR01077,TIGR01080,TIGR01213,TIGR01309,TIGR01952,TIGR02076,TIGR02153,TIGR02236,TIGR02258,TIGR02338,TIGR02389,TIGR02390,TIGR03626,TIGR03627,TIGR03628,TIGR03629,TIGR03636,TIGR03653,TIGR03665,TIGR03670,TIGR03671,TIGR03672,TIGR03673,TIGR03674,TIGR03677,TIGR03680,TIGR03683,TIGR03684,TIGR03722
MAG05	22	1	0	99	PF00410.14,PF01000.21,PF02978.14,PF13685.1,TIGR00042,TIGR00064,TIGR00240,TIGR00336,TIGR00337,TIGR00389,TIGR00392,TIGR00398,TIGR00408,TIGR00422,TIGR00442,TIGR00456,TIGR00468,TIGR00521,TIGR00658,TIGR00670,TIGR01060,TIGR02651	PF00687.16		PF00368.13,PF00466.15,PF00827.12,PF00900.15,PF01015.13,PF01090.14,PF01092.14,PF01157.13,PF01191.14,PF01194.12,PF01198.14,PF01200.13,PF01269.12,PF01280.15,PF01282.14,PF01496.14,PF01655.13,PF01798.13,PF01864.12,PF01866.12,PF01868.11,PF01984.15,PF01990.12,PF02006.11,PF03874.11,PF04019.7,PF04104.9,PF04919.7,PF07541.7,PF13656.1,TIGR00021,TIGR00037,TIGR00111,TIGR00134,TIGR00264,TIGR00270,TIGR00279,TIGR00283,TIGR00291,TIGR00293,TIGR00307,TIGR00308,TIGR00323,TIGR00324,TIGR00335,TIGR00373,TIGR00405,TIGR00425,TIGR00432,TIGR00448,TIGR00458,TIGR00463,TIGR00471,TIGR00490,TIGR00491,TIGR00501,TIGR00522,TIGR00549,TIGR00729,TIGR00936,TIGR00982,TIGR01008,TIGR01012,TIGR01018,TIGR01020,TIGR01025,TIGR01028,TIGR01038,TIGR01046,TIGR01052,TIGR01077,TIGR01080,TIGR01213,TIGR01309,TIGR01952,TIGR02076,TIGR02153,TIGR02236,TIGR02258,TIGR02338,TIGR02389,TIGR02390,TIGR03626,TIGR03627,TIGR03628,TIGR03629,TIGR03636,TIGR03653,TIGR03665,TIGR03670,TIGR03671,TIGR03672,TIGR03673,TIGR03674,TIGR03677,TIGR03680,TIGR03683,TIGR03684,TIGR03722
MAG06	23	3	0	96	PF00410.14,PF00466.15,PF00687.16,PF01000.21,PF02978.14,TIGR00042,TIGR00064,TIGR00240,TIGR00336,TIGR00337,TIGR00389,TIGR00392,TIGR00398,TIGR00408,TIGR00422,TIGR00442,TIGR00456,TIGR00468,TIGR00521,TIGR00658,TIGR00670,TIGR01060,TIGR02651	PF01496.14,PF01990.12,PF13685.1		PF00368.13,PF00827.12,PF00900.15,PF01015.13,PF01090.14,PF01092.14,PF01157.13,PF01191.14,PF01194.12,PF01198.14,PF01200.13,PF01269.12,PF01280.15,PF01282.14,PF01655.13,PF01798.13,PF01864.12,PF01866.12,PF01868.11,PF01984.15,PF02006.11,PF03874.11,PF04019.7,PF04104.9,PF04919.7,PF07541.7,PF13656.1,TIGR00021,TIGR00037,TIGR00111,TIGR00134,TIGR00264,TIGR00270,TIGR00279,TIGR00283,TIGR00291,TIGR00293,TIGR00307,TIGR00308,TIGR00323,TIGR00324,TIGR00335,TIGR00373,TIGR00405,TIGR00425,TIGR00432,TIGR00448,TIGR00458,TIGR00463,TIGR00471,TIGR00490,TIGR00491,TIGR00501,TIGR00522,TIGR00549,TIGR00729,TIGR00936,TIGR00982,TIGR01008,TIGR01012,TIGR01018,TIGR01020,TIGR01025,TIGR01028,TIGR01038,TIGR01046,TIGR01052,TIGR01077,TIGR01080,TIGR01213,TIGR01309,TIGR01952,TIGR02076,TIGR02153,TIGR02236,TIGR02258,TIGR02338,TIGR02389,TIGR02390,TIGR03626,TIGR03627,TIGR03628,TIGR03629,TIGR03636,TIGR03653,TIGR03665,TIGR03670,TIGR03671,TIGR03672,TIGR03673,TIGR03674,TIGR03677,TIGR03680,TIGR03683,TIGR03684,TIGR03722
MAG07	17	3	0	102	PF00466.15,PF00687.16,PF02978.14,TIGR00064,TIGR00336,TIGR00337,TIGR00389,TIGR00398,TIGR00408,TIGR00422,TIGR00442,TIGR00456,TIGR00458,TIGR00521,TIGR00658,TIGR01060,TIGR02651	PF01496.14,PF01990.12,PF13685.1		PF00368.13,PF00410.14,PF00827.12,PF00900.15,PF01000.21,PF01015.13,PF01090.14,PF01092.14,PF01157.13,PF01191.14,PF01194.12,PF01198.14,PF01200.13,PF01269.12,PF01280.15,PF01282.14,PF01655.13,PF01798.13,PF01864.12,PF01866.12,PF01868.11,PF01984.15,PF02006.11,PF03874.11,PF04019.7,PF04104.9,PF04919.7,PF07541.7,PF13656.1,TIGR00021,TIGR00037,TIGR00042,TIGR00111,TIGR00134,TIGR00240,TIGR00264,TIGR00270,TIGR00279,TIGR00283,TIGR00291,TIGR00293,TIGR00307,TIGR00308,TIGR00323,TIGR00324,TIGR00335,TIGR00373,TIGR00392,TIGR00405,TIGR00425,TIGR00432,TIGR00448,TIGR00463,TIGR00468,TIGR00471,TIGR00490,TIGR00491,TIGR00501,TIGR00522,TIGR00549,TIGR00670,TIGR00729,TIGR00936,TIGR00982,TIGR01008,TIGR01012,TIGR01018,TIGR01020,TIGR01025,TIGR01028,TIGR01038,TIGR01046,TIGR01052,TIGR01077,TIGR01080,TIGR01213,TIGR01309,TIGR01952,TIGR02076,TIGR02153,TIGR02236,TIGR02258,TIGR02338,TIGR02389,TIGR02390,TIGR03626,TIGR03627,TIGR03628,TIGR03629,TIGR03636,TIGR03653,TIGR03665,TIGR03670,TIGR03671,TIGR03672,TIGR03673,TIGR03674,TIGR03677,TIGR03680,TIGR03683,TIGR03684,TIGR03722
MAG08	22	2	0	98	PF00368.13,PF00410.14,PF00466.15,PF00687.16,PF01000.21,PF01864.12,PF02978.14,PF13685.1,TIGR00042,TIGR00064,TIGR00336,TIGR00337,TIGR00392,TIGR00398,TIGR00422,TIGR00442,TIGR00456,TIGR00468,TIGR00521,TIGR00549,TIGR00670,TIGR02651	TIGR00021,TIGR01060		PF00827.12,PF00900.15,PF01015.13,PF01090.14,PF01092.14,PF01157.13,PF01191.14,PF01194.12,PF01198.14,PF01200.13,PF01269.12,PF01280.15,PF01282.14,PF01496.14,PF01655.13,PF01798.13,PF01866.12,PF01868.11,PF01984.15,PF01990.12,PF02006.11,PF03874.11,PF04019.7,PF04104.9,PF04919.7,PF07541.7,PF13656.1,TIGR00037,TIGR00111,TIGR00134,TIGR00240,TIGR00264,TIGR00270,TIGR00279,TIGR00283,TIGR00291,TIGR00293,TIGR00307,TIGR00308,TIGR00323,TIGR00324,TIGR00335,TIGR00373,TIGR00389,TIGR00405,TIGR00408,TIGR00425,TIGR00432,TIGR00448,TIGR00458,TIGR00463,TIGR00471,TIGR00490,TIGR00491,TIGR00501,TIGR00522,TIGR00658,TIGR00729,TIGR00936,TIGR00982,TIGR01008,TIGR01012,TIGR01018,TIGR01020,TIGR01025,TIGR01028,TIGR01038,TIGR01046,TIGR01052,TIGR01077,TIGR01080,TIGR01213,TIGR01309,TIGR01952,TIGR02076,TIGR02153,TIGR02236,TIGR02258,TIGR02338,TIGR02389,TIGR02390,TIGR03626,TIGR03627,TIGR03628,TIGR03629,TIGR03636,TIGR03653,TIGR03665,TIGR03670,TIGR03671,TIGR03672,TIGR03673,TIGR03674,TIGR03677,TIGR03680,TIGR03683,TIGR03684,TIGR03722
MAG09	21	2	0	99	PF00410.14,PF00466.15,PF00687.16,PF01000.21,PF02978.14,TIGR00042,TIGR00064,TIGR00337,TIGR00389,TIGR00392,TIGR00398,TIGR00408,TIGR00422,TIGR00442,TIGR00456,TIGR00468,TIGR00490,TIGR00521,TIGR00670,TIGR01060,TIGR02651	PF13685.1,TIGR00336		PF00368.13,PF00827.12,PF00900.15,PF01015.13,PF01090.14,PF01092.14,PF01157.13,PF01191.14,PF01194.12,PF01198.14,PF01200.13,PF01269.12,PF01280.15,PF01282.14,PF01496.14,PF01655.13,PF01798.13,PF01864.12,PF01866.12,PF01868.11,PF01984.15,PF01990.12,PF02006.11,PF03874.11,PF04019.7,PF04104.9,PF04919.7,PF07541.7,PF13656.1,TIGR00021,TIGR00037,TIGR00111,TIGR00134,TIGR00240,TIGR00264,TIGR00270,TIGR00279,TIGR00283,TIGR00291,TIGR00293,TIGR00307,TIGR00308,TIGR00323,TIGR00324,TIGR00335,TIGR00373,TIGR00405,TIGR00425,TIGR00432,TIGR00448,TIGR00458,TIGR00463,TIGR00471,TIGR00491,TIGR00501,TIGR00522,TIGR00549,TIGR00658,TIGR00729,TIGR00936,TIGR00982,TIGR01008,TIGR01012,TIGR01018,TIGR01020,TIGR01025,TIGR01028,TIGR01038,TIGR01046,TIGR01052,TIGR01077,TIGR01080,TIGR01213,TIGR01309,TIGR01952,TIGR02076,TIGR02153,TIGR02236,TIGR02258,TIGR02338,TIGR02389,TIGR02390,TIGR03626,TIGR03627,TIGR03628,TIGR03629,TIGR03636,TIGR03653,TIGR03665,TIGR03670,TIGR03671,TIGR03672,TIGR03673,TIGR03674,TIGR03677,TIGR03680,TIGR03683,TIGR03684,TIGR03722
MAG10	22	1	0	99	PF00410.14,PF00466.15,PF00687.16,PF01000.21,PF02978.14,TIGR00042,TIGR00064,TIGR00240,TIGR00336,TIGR00337,TIGR00389,TIGR00398,TIGR00408,TIGR00422,TIGR00442,TIGR00456,TIGR00468,TIGR00490,TIGR00521,TIGR00670,TIGR01060,TIGR02651	PF13685.1		PF00368.13,PF00827.12,PF00900.15,PF01015.13,PF01090.14,PF01092.14,PF01157.13,PF01191.14,PF01194.12,PF01198.14,PF01200.13,PF01269.12,PF01280.15,PF01282.14,PF01496.14,PF01655.13,PF01798.13,PF01864.12,PF01866.12,PF01868.11,PF01984.15,PF01990.12,PF02006.11,PF03874.11,PF04019.7,PF04104.9,PF04919.7,PF07541.7,PF13656.1,TIGR00021,TIGR00037,TIGR00111,TIGR00134,TIGR00264,TIGR00270,TIGR00279,TIGR00283,TIGR00291,TIGR00293,TIGR00307,TIGR00308,TIGR00323,TIGR00324,TIGR00335,TIGR00373,TIGR00392,TIGR00405,TIGR00425,TIGR00432,TIGR00448,TIGR00458,TIGR00463,TIGR00471,TIGR00491,TIGR00501,TIGR00522,TIGR00549,TIGR00658,TIGR00729,TIGR00936,TIGR00982,TIGR01008,TIGR01012,TIGR01018,TIGR01020,TIGR01025,TIGR01028,TIGR01038,TIGR01046,TIGR01052,TIGR01077,TIGR01080,TIGR01213,TIGR01309,TIGR01952,TIGR02076,TIGR02153,TIGR02236,TIGR02258,TIGR02338,TIGR02389,TIGR02390,TIGR03626,TIGR03627,TIGR03628,TIGR03629,TIGR03636,TIGR03653,TIGR03665,TIGR03670,TIGR03671,TIGR03672,TIGR03673,TIGR03674,TIGR03677,TIGR03680,TIGR03683,TIGR03684,TIGR03722
MAG11	23	2	0	97	PF00368.13,PF00410.14,PF00466.15,PF00687.16,PF01000.21,PF02978.14,TIGR00021,TIGR00064,TIGR00336,TIGR00337,TIGR00392,TIGR00398,TIGR00422,TIGR00442,TIGR00456,TIGR00468,TIGR00490,TIGR00521,TIGR00549,TIGR00658,TIGR00670,TIGR01060,TIGR02651	PF13685.1,TIGR00042		PF00827.12,PF00900.15,PF01015.13,PF01090.14,PF01092.14,PF01157.13,PF01191.14,PF01194.12,PF01198.14,PF01200.13,PF01269.12,PF01280.15,PF01282.14,PF01496.14,PF01655.13,PF01798.13,PF01864.12,PF01866.12,PF01868.11,PF01984.15,PF01990.12,PF02006.11,PF03874.11,PF04019.7,PF04104.9,PF04919.7,PF07541.7,PF13656.1,TIGR00037,TIGR00111,TIGR00134,TIGR00240,TIGR00264,TIGR00270,TIGR00279,TIGR00283,TIGR00291,TIGR00293,TIGR00307,TIGR00308,TIGR00323,TIGR00324,TIGR00335,TIGR00373,TIGR00389,TIGR00405,TIGR00408,TIGR00425,TIGR00432,TIGR00448,TIGR00458,TIGR00463,TIGR00471,TIGR00491,TIGR00501,TIGR00522,TIGR00729,TIGR00936,TIGR00982,TIGR01008,TIGR01012,TIGR01018,TIGR01020,TIGR01025,TIGR01028,TIGR01038,TIGR01046,TIGR01052,TIGR01077,TIGR01080,TIGR01213,TIGR01309,TIGR01952,TIGR02076,TIGR02153,TIGR02236,TIGR02258,TIGR02338,TIGR02389,TIGR02390,TIGR03626,TIGR03627,TIGR03628,TIGR03629,TIGR03636,TIGR03653,TIGR03665,TIGR03670,TIGR03671,TIGR03672,TIGR03673,TIGR03674,TIGR03677,TIGR03680,TIGR03683,TIGR03684,TIGR03722
MAG12	22	1	0	99	PF00410.14,PF00466.15,PF00687.16,PF01000.21,PF01864.12,PF02978.14,TIGR00042,TIGR00064,TIGR00240,TIGR00336,TIGR00337,TIGR00389,TIGR00392,TIGR00398,TIGR00408,TIGR00422,TIGR00442,TIGR00456,TIGR00468,TIGR00521,TIGR00658,TIGR00670	PF13685.1		PF00368.13,PF00827.12,PF00900.15,PF01015.13,PF01090.14,PF01092.14,PF01157.13,PF01191.14,PF01194.12,PF01198.14,PF01200.13,PF01269.12,PF01280.15,PF01282.14,PF01496.14,PF01655.13,PF01798.13,PF01866.12,PF01868.11,PF01984.15,PF01990.12,PF02006.11,PF03874.11,PF04019.7,PF04104.9,PF04919.7,PF07541.7,PF13656.1,TIGR00021,TIGR00037,TIGR00111,TIGR00134,TIGR00264,TIGR00270,TIGR00279,TIGR00283,TIGR00291,TIGR00293,TIGR00307,TIGR00308,TIGR00323,TIGR00324,TIGR00335,TIGR00373,TIGR00405,TIGR00425,TIGR00432,TIGR00448,TIGR00458,TIGR00463,TIGR00471,TIGR00490,TIGR00491,TIGR00501,TIGR00522,TIGR00549,TIGR00729,TIGR00936,TIGR00982,TIGR01008,TIGR01012,TIGR01018,TIGR01020,TIGR01025,TIGR01028,TIGR01038,TIGR01046,TIGR01052,TIGR01060,TIGR01077,TIGR01080,TIGR01213,TIGR01309,TIGR01952,TIGR02076,TIGR02153,TIGR02236,TIGR02258,TIGR02338,TIGR02389,TIGR02390,TIGR02651,TIGR03626,TIGR03627,TIGR03628,TIGR03629,TIGR03636,TIGR03653,TIGR03665,TIGR03670,TIGR03671,TIGR03672,TIGR03673,TIGR03674,TIGR03677,TIGR03680,TIGR03683,TIGR03684,TIGR03722
MAG13	25	1	0	96	PF00410.14,PF00466.15,PF00687.16,PF01000.21,PF01496.14,PF01990.12,PF02978.14,TIGR00042,TIGR00064,TIGR00240,TIGR00336,TIGR00337,TIGR00389,TIGR00392,TIGR00398,TIGR00408,TIGR00422,TIGR00442,TIGR00456,TIGR00458,TIGR00468,TIGR00521,TIGR00658,TIGR00670,TIGR01060	PF13685.1		PF00368.13,PF00827.12,PF00900.15,PF01015.13,PF01090.14,PF01092.14,PF01157.13,PF01191.14,PF01194.12,PF01198.14,PF01200.13,PF01269.12,PF01280.15,PF01282.14,PF01655.13,PF01798.13,PF01864.12,PF01866.12,PF01868.11,PF01984.15,PF02006.11,PF03874.11,PF04019.7,PF04104.9,PF04919.7,PF07541.7,PF13656.1,TIGR00021,TIGR00037,TIGR00111,TIGR00134,TIGR00264,TIGR00270,TIGR00279,TIGR00283,TIGR00291,TIGR00293,TIGR00307,TIGR00308,TIGR00323,TIGR00324,TIGR00335,TIGR00373,TIGR00405,TIGR00425,TIGR00432,TIGR00448,TIGR00463,TIGR00471,TIGR00490,TIGR00491,TIGR00501,TIGR00522,TIGR00549,TIGR00729,TIGR00936,TIGR00982,TIGR01008,TIGR01012,TIGR01018,TIGR01020,TIGR01025,TIGR01028,TIGR01038,TIGR01046,TIGR01052,TIGR01077,TIGR01080,TIGR01213,TIGR01309,TIGR01952,TIGR02076,TIGR02153,TIGR02236,TIGR02258,TIGR02338,TIGR02389,TIGR02390,TIGR02651,TIGR03626,TIGR03627,TIGR03628,TIGR03629,TIGR03636,TIGR03653,TIGR03665,TIGR03670,TIGR03671,TIGR03672,TIGR03673,TIGR03674,TIGR03677,TIGR03680,TIGR03683,TIGR03684,TIGR03722
MAG14	15	2	0	105	PF02978.14,TIGR00042,TIGR00064,TIGR00337,TIGR00389,TIGR00392,TIGR00398,TIGR00408,TIGR00422,TIGR00442,TIGR00468,TIGR00521,TIGR00670,TIGR01060,TIGR02651	PF13685.1,TIGR00336		PF00368.13,PF00410.14,PF00466.15,PF00687.16,PF00827.12,PF00900.15,PF01000.21,PF01015.13,PF01090.14,PF01092.14,PF01157.13,PF01191.14,PF01194.12,PF01198.14,PF01200.13,PF01269.12,PF01280.15,PF01282.14,PF01496.14,PF01655.13,PF01798.13,PF01864.12,PF01866.12,PF01868.11,PF01984.15,PF01990.12,PF02006.11,PF03874.11,PF04019.7,PF04104.9,PF04919.7,PF07541.7,PF13656.1,TIGR00021,TIGR00037,TIGR00111,TIGR00134,TIGR00240,TIGR00264,TIGR00270,TIGR00279,TIGR00283,TIGR00291,TIGR00293,TIGR00307,TIGR00308,TIGR00323,TIGR00324,TIGR00335,TIGR00373,TIGR00405,TIGR00425,TIGR00432,TIGR00448,TIGR00456,TIGR00458,TIGR00463,TIGR00471,TIGR00490,TIGR00491,TIGR00501,TIGR00522,TIGR00549,TIGR00658,TIGR00729,TIGR00936,TIGR00982,TIGR01008,TIGR01012,TIGR01018,TIGR01020,TIGR01025,TIGR01028,TIGR01038,TIGR01046,TIGR01052,TIGR01077,TIGR01080,TIGR01213,TIGR01309,TIGR01952,TIGR02076,TIGR02153,TIGR02236,TIGR02258,TIGR02338,TIGR02389,TIGR02390,TIGR03626,TIGR03627,TIGR03628,TIGR03629,TIGR03636,TIGR03653,TIGR03665,TIGR03670,TIGR03671,TIGR03672,TIGR03673,TIGR03674,TIGR03677,TIGR03680,TIGR03683,TIGR03684,TIGR03722
MAG15	25	1	0	96	PF00410.14,PF00466.15,PF00687.16,PF01000.21,PF01496.14,PF01990.12,PF02978.14,TIGR00042,TIGR00064,TIGR00240,TIGR00336,TIGR00337,TIGR00389,TIGR00392,TIGR00398,TIGR00408,TIGR00422,TIGR00442,TIGR00456,TIGR00468,TIGR00521,TIGR00658,TIGR00670,TIGR01060,TIGR02651	PF13685.1		PF00368.13,PF00827.12,PF00900.15,PF01015.13,PF01090.14,PF01092.14,PF01157.13,PF01191.14,PF01194.12,PF01198.14,PF01200.13,PF01269.12,PF01280.15,PF01282.14,PF01655.13,PF01798.13,PF01864.12,PF01866.12,PF01868.11,PF01984.15,PF02006.11,PF03874.11,PF04019.7,PF04104.9,PF04919.7,PF07541.7,PF13656.1,TIGR00021,TIGR00037,TIGR00111,TIGR00134,TIGR00264,TIGR00270,TIGR00279,TIGR00283,TIGR00291,TIGR00293,TIGR00307,TIGR00308,TIGR00323,TIGR00324,TIGR00335,TIGR00373,TIGR00405,TIGR00425,TIGR00432,TIGR00448,TIGR00458,TIGR00463,TIGR00471,TIGR00490,TIGR00491,TIGR00501,TIGR00522,TIGR00549,TIGR00729,TIGR00936,TIGR00982,TIGR01008,TIGR01012,TIGR01018,TIGR01020,TIGR01025,TIGR01028,TIGR01038,TIGR01046,TIGR01052,TIGR01077,TIGR01080,TIGR01213,TIGR01309,TIGR01952,TIGR02076,TIGR02153,TIGR02236,TIGR02258,TIGR02338,TIGR02389,TIGR02390,TIGR03626,TIGR03627,TIGR03628,TIGR03629,TIGR03636,TIGR03653,TIGR03665,TIGR03670,TIGR03671,TIGR03672,TIGR03673,TIGR03674,TIGR03677,TIGR03680,TIGR03683,TIGR03684,TIGR03722
MAG16	21	2	0	99	PF00410.14,PF00466.15,PF00687.16,PF01000.21,PF02978.14,TIGR00042,TIGR00064,TIGR00336,TIGR00337,TIGR00389,TIGR00392,TIGR00398,TIGR00408,TIGR00422,TIGR00442,TIGR00456,TIGR00468,TIGR00490,TIGR00658,TIGR00670,TIGR00936	PF13685.1,TIGR01060		PF00368.13,PF00827.12,PF00900.15,PF01015.13,PF01090.14,PF01092.14,PF01157.13,PF01191.14,PF01194.12,PF01198.14,PF01200.13,PF01269.12,PF01280.15,PF01282.14,PF01496.14,PF01655.13,PF01798.13,PF01864.12,PF01866.12,PF01868.11,PF01984.15,PF01990.12,PF02006.11,PF03874.11,PF04019.7,PF04104.9,PF04919.7,PF07541.7,PF13656.1,TIGR00021,TIGR00037,TIGR00111,TIGR00134,TIGR00240,TIGR00264,TIGR00270,TIGR00279,TIGR00283,TIGR00291,TIGR00293,TIGR00307,TIGR00308,TIGR00323,TIGR00324,TIGR00335,TIGR00373,TIGR00405,TIGR00425,TIGR00432,TIGR00448,TIGR00458,TIGR00463,TIGR00471,TIGR00491,TIGR00501,TIGR00521,TIGR00522,TIGR00549,TIGR00729,TIGR00982,TIGR01008,TIGR01012,TIGR01018,TIGR01020,TIGR01025,TIGR01028,TIGR01038,TIGR01046,TIGR01052,TIGR01077,TIGR01080,TIGR01213,TIGR01309,TIGR01952,TIGR02076,TIGR02153,TIGR02236,TIGR02258,TIGR02338,TIGR02389,TIGR02390,TIGR02651,TIGR03626,TIGR03627,TIGR03628,TIGR03629,TIGR03636,TIGR03653,TIGR03665,TIGR03670,TIGR03671,TIGR03672,TIGR03673,TIGR03674,TIGR03677,TIGR03680,TIGR03683,TIGR03684,TIGR03722
MAG17	24	0	0	98	PF00410.14,PF00466.15,PF00687.16,PF01000.21,PF02978.14,PF13685.1,TIGR00042,TIGR00064,TIGR00240,TIGR00336,TIGR00337,TIGR00389,TIGR00392,TIGR00398,TIGR00408,TIGR00422,TIGR00442,TIGR00456,TIGR00458,TIGR00468,TIGR00658,TIGR00670,TIGR01060,TIGR02651			PF00368.13,PF00827.12,PF00900.15,PF01015.13,PF01090.14,PF01092.14,PF01157.13,PF01191.14,PF01194.12,PF01198.14,PF01200.13,PF01269.12,PF01280.15,PF01282.14,PF01496.14,PF01655.13,PF01798.13,PF01864.12,PF01866.12,PF01868.11,PF01984.15,PF01990.12,PF02006.11,PF03874.11,PF04019.7,PF04104.9,PF04919.7,PF07541.7,PF13656.1,TIGR00021,TIGR00037,TIGR00111,TIGR00134,TIGR00264,TIGR00270,TIGR00279,TIGR00283,TIGR00291,TIGR00293,TIGR00307,TIGR00308,TIGR00323,TIGR00324,TIGR00335,TIGR00373,TIGR00405,TIGR00425,TIGR00432,TIGR00448,TIGR00463,TIGR00471,TIGR00490,TIGR00491,TIGR00501,TIGR00521,TIGR00522,TIGR00549,TIGR00729,TIGR00936,TIGR00982,TIGR01008,TIGR01012,TIGR01018,TIGR01020,TIGR01025,TIGR01028,TIGR01038,TIGR01046,TIGR01052,TIGR01077,TIGR01080,TIGR01213,TIGR01309,TIGR01952,TIGR02076,TIGR02153,TIGR02236,TIGR02258,TIGR02338,TIGR02389,TIGR02390,TIGR03626,TIGR03627,TIGR03628,TIGR03629,TIGR03636,TIGR03653,TIGR03665,TIGR03670,TIGR03671,TIGR03672,TIGR03673,TIGR03674,TIGR03677,TIGR03680,TIGR03683,TIGR03684,TIGR03722
MAG18	8	4	0	110	PF00687.16,PF01000.21,PF01496.14,PF02978.14,TIGR00042,TIGR00468,TIGR00521,TIGR01060	PF13685.1,TIGR00336,TIGR00408,TIGR00442		PF00368.13,PF00410.14,PF00466.15,PF00827.12,PF00900.15,PF01015.13,PF01090.14,PF01092.14,PF01157.13,PF01191.14,PF01194.12,PF01198.14,PF01200.13,PF01269.12,PF01280.15,PF01282.14,PF01655.13,PF01798.13,PF01864.12,PF01866.12,PF01868.11,PF01984.15,PF01990.12,PF02006.11,PF03874.11,PF04019.7,PF04104.9,PF04919.7,PF07541.7,PF13656.1,TIGR00021,TIGR00037,TIGR00064,TIGR00111,TIGR00134,TIGR00240,TIGR00264,TIGR00270,TIGR00279,TIGR00283,TIGR00291,TIGR00293,TIGR00307,TIGR00308,TIGR00323,TIGR00324,TIGR00335,TIGR00337,TIGR00373,TIGR00389,TIGR00392,TIGR00398,TIGR00405,TIGR00422,TIGR00425,TIGR00432,TIGR00448,TIGR00456,TIGR00458,TIGR00463,TIGR00471,TIGR00490,TIGR00491,TIGR00501,TIGR00522,TIGR00549,TIGR00658,TIGR00670,TIGR00729,TIGR00936,TIGR00982,TIGR01008,TIGR01012,TIGR01018,TIGR01020,TIGR01025,TIGR01028,TIGR01038,TIGR01046,TIGR01052,TIGR01077,TIGR01080,TIGR01213,TIGR01309,TIGR01952,TIGR02076,TIGR02153,TIGR02236,TIGR02258,TIGR02338,TIGR02389,TIGR02390,TIGR02651,TIGR03626,TIGR03627,TIGR03628,TIGR03629,TIGR03636,TIGR03653,TIGR03665,TIGR03670,TIGR03671,TIGR03672,TIGR03673,TIGR03674,TIGR03677,TIGR03680,TIGR03683,TIGR03684,TIGR03722
MAG19	16	4	0	102	PF00410.14,PF00466.15,PF00687.16,PF01000.21,PF02978.14,TIGR00042,TIGR00336,TIGR00337,TIGR00389,TIGR00392,TIGR00398,TIGR00408,TIGR00422,TIGR00456,TIGR00468,TIGR00670	PF01496.14,PF01990.12,PF13685.1,TIGR01060		PF00368.13,PF00827.12,PF00900.15,PF01015.13,PF01090.14,PF01092.14,PF01157.13,PF01191.14,PF01194.12,PF01198.14,PF01200.13,PF01269.12,PF01280.15,PF01282.14,PF01655.13,PF01798.13,PF01864.12,PF01866.12,PF01868.11,PF01984.15,PF02006.11,PF03874.11,PF04019.7,PF04104.9,PF04919.7,PF07541.7,PF13656.1,TIGR00021,TIGR00037,TIGR00064,TIGR00111,TIGR00134,TIGR00240,TIGR00264,TIGR00270,TIGR00279,TIGR00283,TIGR00291,TIGR00293,TIGR00307,TIGR00308,TIGR00323,TIGR00324,TIGR00335,TIGR00373,TIGR00405,TIGR00425,TIGR00432,TIGR00442,TIGR00448,TIGR00458,TIGR00463,TIGR00471,TIGR00490,TIGR00491,TIGR00501,TIGR00521,TIGR00522,TIGR00549,TIGR00658,TIGR00729,TIGR00936,TIGR00982,TIGR01008,TIGR01012,TIGR01018,TIGR01020,TIGR01025,TIGR01028,TIGR01038,TIGR01046,TIGR01052,TIGR01077,TIGR01080,TIGR01213,TIGR01309,TIGR01952,TIGR02076,TIGR02153,TIGR02236,TIGR02258,TIGR02338,TIGR02389,TIGR02390,TIGR02651,TIGR03626,TIGR03627,TIGR03628,TIGR03629,TIGR03636,TIGR03653,TIGR03665,TIGR03670,TIGR03671,TIGR03672,TIGR03673,TIGR03674,TIGR03677,TIGR03680,TIGR03683,TIGR03684,TIGR03722
MAG20	25	1	0	96	PF00410.14,PF00466.15,PF00687.16,PF01000.21,PF02978.14,TIGR00042,TIGR00064,TIGR00240,TIGR00336,TIGR00337,TIGR00389,TIGR00392,TIGR00398,TIGR00408,TIGR00422,TIGR00442,TIGR00456,TIGR00463,TIGR00468,TIGR00521,TIGR00658,TIGR00670,TIGR00936,TIGR01060,TIGR02651	PF13685.1		PF00368.13,PF00827.12,PF00900.15,PF01015.13,PF01090.14,PF01092.14,PF01157.13,PF01191.14,PF01194.12,PF01198.14,PF01200.13,PF01269.12,PF01280.15,PF01282.14,PF01496.14,PF01655.13,PF01798.13,PF01864.12,PF01866.12,PF01868.11,PF01984.15,PF01990.12,PF02006.11,PF03874.11,PF04019.7,PF04104.9,PF04919.7,PF07541.7,PF13656.1,TIGR00021,TIGR00037,TIGR00111,TIGR00134,TIGR00264,TIGR00270,TIGR00279,TIGR00283,TIGR00291,TIGR00293,TIGR00307,TIGR00308,TIGR00323,TIGR00324,TIGR00335,TIGR00373,TIGR00405,TIGR00425,TIGR00432,TIGR00448,TIGR00458,TIGR00471,TIGR00490,TIGR00491,TIGR00501,TIGR00522,TIGR00549,TIGR00729,TIGR00982,TIGR01008,TIGR01012,TIGR01018,TIGR01020,TIGR01025,TIGR01028,TIGR01038,TIGR01046,TIGR01052,TIGR01077,TIGR01080,TIGR01213,TIGR01309,TIGR01952,TIGR02076,TIGR02153,TIGR02236,TIGR02258,TIGR02338,TIGR02389,TIGR02390,TIGR03626,TIGR03627,TIGR03628,TIGR03629,TIGR03636,TIGR03653,TIGR03665,TIGR03670,TIGR03671,TIGR03672,TIGR03673,TIGR03674,TIGR03677,TIGR03680,TIGR03683,TIGR03684,TIGR03722
MAG21	20	2	0	100	PF00410.14,PF00466.15,PF00687.16,PF01000.21,PF01496.14,PF01990.12,PF02978.14,TIGR00042,TIGR00064,TIGR00240,TIGR00336,TIGR00337,TIGR00389,TIGR00392,TIGR00398,TIGR00408,TIGR00422,TIGR00456,TIGR00468,TIGR00670	PF13685.1,TIGR00658		PF00368.13,PF00827.12,PF00900.15,PF01015.13,PF01090.14,PF01092.14,PF01157.13,PF01191.14,PF01194.12,PF01198.14,PF01200.13,PF01269.12,PF01280.15,PF01282.14,PF01655.13,PF01798.13,PF01864.12,PF01866.12,PF01868.11,PF01984.15,PF02006.11,PF03874.11,PF04019.7,PF04104.9,PF04919.7,PF07541.7,PF13656.1,TIGR00021,TIGR00037,TIGR00111,TIGR00134,TIGR00264,TIGR00270,TIGR00279,TIGR00283,TIGR00291,TIGR00293,TIGR00307,TIGR00308,TIGR00323,TIGR00324,TIGR00335,TIGR00373,TIGR00405,TIGR00425,TIGR00432,TIGR00442,TIGR00448,TIGR00458,TIGR00463,TIGR00471,TIGR00490,TIGR00491,TIGR00501,TIGR00521,TIGR00522,TIGR00549,TIGR00729,TIGR00936,TIGR00982,TIGR01008,TIGR01012,TIGR01018,TIGR01020,TIGR01025,TIGR01028,TIGR01038,TIGR01046,TIGR01052,TIGR01060,TIGR01077,TIGR01080,TIGR01213,TIGR01309,TIGR01952,TIGR02076,TIGR02153,TIGR02236,TIGR02258,TIGR02338,TIGR02389,TIGR02390,TIGR02651,TIGR03626,TIGR03627,TIGR03628,TIGR03629,TIGR03636,TIGR03653,TIGR03665,TIGR03670,TIGR03671,TIGR03672,TIGR03673,TIGR03674,TIGR03677,TIGR03680,TIGR03683,TIGR03684,TIGR03722
MAG22	18	1	0	103	PF00410.14,PF00466.15,PF00687.16,PF01000.21,PF01496.14,PF01990.12,PF02978.14,TIGR00064,TIGR00389,TIGR00392,TIGR00398,TIGR00408,TIGR00422,TIGR00442,TIGR00456,TIGR00468,TIGR00521,TIGR00670	PF13685.1		PF00368.13,PF00827.12,PF00900.15,PF01015.13,PF01090.14,PF01092.14,PF01157.13,PF01191.14,PF01194.12,PF01198.14,PF01200.13,PF01269.12,PF01280.15,PF01282.14,PF01655.13,PF01798.13,PF01864.12,PF01866.12,PF01868.11,PF01984.15,PF02006.11,PF03874.11,PF04019.7,PF04104.9,PF04919.7,PF07541.7,PF13656.1,TIGR00021,TIGR00037,TIGR00042,TIGR00111,TIGR00134,TIGR00240,TIGR00264,TIGR00270,TIGR00279,TIGR00283,TIGR00291,TIGR00293,TIGR00307,TIGR00308,TIGR00323,TIGR00324,TIGR00335,TIGR00336,TIGR00337,TIGR00373,TIGR00405,TIGR00425,TIGR00432,TIGR00448,TIGR00458,TIGR00463,TIGR00471,TIGR00490,TIGR00491,TIGR00501,TIGR00522,TIGR00549,TIGR00658,TIGR00729,TIGR00936,TIGR00982,TIGR01008,TIGR01012,TIGR01018,TIGR01020,TIGR01025,TIGR01028,TIGR01038,TIGR01046,TIGR01052,TIGR01060,TIGR01077,TIGR01080,TIGR01213,TIGR01309,TIGR01952,TIGR02076,TIGR02153,TIGR02236,TIGR02258,TIGR02338,TIGR02389,TIGR02390,TIGR02651,TIGR03626,TIGR03627,TIGR03628,TIGR03629,TIGR03636,TIGR03653,TIGR03665,TIGR03670,TIGR03671,TIGR03672,TIGR03673,TIGR03674,TIGR03677,TIGR03680,TIGR03683,TIGR03684,TIGR03722
MAG23	23	1	0	98	PF00410.14,PF00466.15,PF00687.16,PF01000.21,TIGR00042,TIGR00064,TIGR00240,TIGR00336,TIGR00337,TIGR00389,TIGR00392,TIGR00398,TIGR00408,TIGR00422,TIGR00442,TIGR00456,TIGR00468,TIGR00521,TIGR00658,TIGR00670,TIGR00936,TIGR01060,TIGR02651	PF13685.1		PF00368.13,PF00827.12,PF00900.15,PF01015.13,PF01090.14,PF01092.14,PF01157.13,PF01191.14,PF01194.12,PF01198.14,PF01200.13,PF01269.12,PF01280.15,PF01282.14,PF01496.14,PF01655.13,PF01798.13,PF01864.12,PF01866.12,PF01868.11,PF01984.15,PF01990.12,PF02006.11,PF02978.14,PF03874.11,PF04019.7,PF04104.9,PF04919.7,PF07541.7,PF13656.1,TIGR00021,TIGR00037,TIGR00111,TIGR00134,TIGR00264,TIGR00270,TIGR00279,TIGR00283,TIGR00291,TIGR00293,TIGR00307,TIGR00308,TIGR00323,TIGR00324,TIGR00335,TIGR00373,TIGR00405,TIGR00425,TIGR00432,TIGR00448,TIGR00458,TIGR00463,TIGR00471,TIGR00490,TIGR00491,TIGR00501,TIGR00522,TIGR00549,TIGR00729,TIGR00982,TIGR01008,TIGR01012,TIGR01018,TIGR01020,TIGR01025,TIGR01028,TIGR01038,TIGR01046,TIGR01052,TIGR01077,TIGR01080,TIGR01213,TIGR01309,TIGR01952,TIGR02076,TIGR02153,TIGR02236,TIGR02258,TIGR02338,TIGR02389,TIGR02390,TIGR03626,TIGR03627,TIGR03628,TIGR03629,TIGR03636,TIGR03653,TIGR03665,TIGR03670,TIGR03671,TIGR03672,TIGR03673,TIGR03674,TIGR03677,TIGR03680,TIGR03683,TIGR03684,TIGR03722
MAG24	23	1	0	98	PF00410.14,PF00466.15,PF00687.16,PF01000.21,PF01496.14,PF02978.14,TIGR00042,TIGR00064,TIGR00336,TIGR00337,TIGR00389,TIGR00392,TIGR00398,TIGR00408,TIGR00422,TIGR00442,TIGR00456,TIGR00468,TIGR00490,TIGR00521,TIGR00670,TIGR01060,TIGR02651	PF13685.1		PF00368.13,PF00827.12,PF00900.15,PF01015.13,PF01090.14,PF01092.14,PF01157.13,PF01191.14,PF01194.12,PF01198.14,PF01200.13,PF01269.12,PF01280.15,PF01282.14,PF01655.13,PF01798.13,PF01864.12,PF01866.12,PF01868.11,PF01984.15,PF01990.12,PF02006.11,PF03874.11,PF04019.7,PF04104.9,PF04919.7,PF07541.7,PF13656.1,TIGR00021,TIGR00037,TIGR00111,TIGR00134,TIGR00240,TIGR00264,TIGR00270,TIGR00279,TIGR00283,TIGR00291,TIGR00293,TIGR00307,TIGR00308,TIGR00323,TIGR00324,TIGR00335,TIGR00373,TIGR00405,TIGR00425,TIGR00432,TIGR00448,TIGR00458,TIGR00463,TIGR00471,TIGR00491,TIGR00501,TIGR00522,TIGR00549,TIGR00658,TIGR00729,TIGR00936,TIGR00982,TIGR01008,TIGR01012,TIGR01018,TIGR01020,TIGR01025,TIGR01028,TIGR01038,TIGR01046,TIGR01052,TIGR01077,TIGR01080,TIGR01213,TIGR01309,TIGR01952,TIGR02076,TIGR02153,TIGR02236,TIGR02258,TIGR02338,TIGR02389,TIGR02390,TIGR03626,TIGR03627,TIGR03628,TIGR03629,TIGR03636,TIGR03653,TIGR03665,TIGR03670,TIGR03671,TIGR03672,TIGR03673,TIGR03674,TIGR03677,TIGR03680,TIGR03683,TIGR03684,TIGR03722
MAG25	23	1	0	98	PF00410.14,PF00466.15,PF00687.16,PF01000.21,PF02978.14,TIGR00042,TIGR00064,TIGR00240,TIGR00336,TIGR00337,TIGR00389,TIGR00392,TIGR00398,TIGR00408,TIGR00422,TIGR00442,TIGR00456,TIGR00468,TIGR00490,TIGR00521,TIGR00670,TIGR01060,TIGR02651	PF13685.1		PF00368.13,PF00827.12,PF00900.15,PF01015.13,PF01090.14,PF01092.14,PF01157.13,PF01191.14,PF01194.12,PF01198.14,PF01200.13,PF01269.12,PF01280.15,PF01282.14,PF01496.14,PF01655.13,PF01798.13,PF01864.12,PF01866.12,PF01868.11,PF01984.15,PF01990.12,PF02006.11,PF03874.11,PF04019.7,PF04104.9,PF04919.7,PF07541.7,PF13656.1,TIGR00021,TIGR00037,TIGR00111,TIGR00134,TIGR00264,TIGR00270,TIGR00279,TIGR00283,TIGR00291,TIGR00293,TIGR00307,TIGR00308,TIGR00323,TIGR00324,TIGR00335,TIGR00373,TIGR00405,TIGR00425,TIGR00432,TIGR00448,TIGR00458,TIGR00463,TIGR00471,TIGR00491,TIGR00501,TIGR00522,TIGR00549,TIGR00658,TIGR00729,TIGR00936,TIGR00982,TIGR01008,TIGR01012,TIGR01018,TIGR01020,TIGR01025,TIGR01028,TIGR01038,TIGR01046,TIGR01052,TIGR01077,TIGR01080,TIGR01213,TIGR01309,TIGR01952,TIGR02076,TIGR02153,TIGR02236,TIGR02258,TIGR02338,TIGR02389,TIGR02390,TIGR03626,TIGR03627,TIGR03628,TIGR03629,TIGR03636,TIGR03653,TIGR03665,TIGR03670,TIGR03671,TIGR03672,TIGR03673,TIGR03674,TIGR03677,TIGR03680,TIGR03683,TIGR03684,TIGR03722
MAG26	16	0	0	106	PF00410.14,PF00466.15,PF00687.16,PF01000.21,PF01864.12,PF02978.14,TIGR00389,TIGR00392,TIGR00398,TIGR00408,TIGR00422,TIGR00442,TIGR00456,TIGR00468,TIGR00490,TIGR01060			PF00368.13,PF00827.12,PF00900.15,PF01015.13,PF01090.14,PF01092.14,PF01157.13,PF01191.14,PF01194.12,PF01198.14,PF01200.13,PF01269.12,PF01280.15,PF01282.14,PF01496.14,PF01655.13,PF01798.13,PF01866.12,PF01868.11,PF01984.15,PF01990.12,PF02006.11,PF03874.11,PF04019.7,PF04104.9,PF04919.7,PF07541.7,PF13656.1,PF13685.1,TIGR00021,TIGR00037,TIGR00042,TIGR00064,TIGR00111,TIGR00134,TIGR00240,TIGR00264,TIGR00270,TIGR00279,TIGR00283,TIGR00291,TIGR00293,TIGR00307,TIGR00308,TIGR00323,TIGR00324,TIGR00335,TIGR00336,TIGR00337,TIGR00373,TIGR00405,TIGR00425,TIGR00432,TIGR00448,TIGR00458,TIGR00463,TIGR00471,TIGR00491,TIGR00501,TIGR00521,TIGR00522,TIGR00549,TIGR00658,TIGR00670,TIGR00729,TIGR00936,TIGR00982,TIGR01008,TIGR01012,TIGR01018,TIGR01020,TIGR01025,TIGR01028,TIGR01038,TIGR01046,TIGR01052,TIGR01077,TIGR01080,TIGR01213,TIGR01309,TIGR01952,TIGR02076,TIGR02153,TIGR02236,TIGR02258,TIGR02338,TIGR02389,TIGR02390,TIGR02651,TIGR03626,TIGR03627,TIGR03628,TIGR03629,TIGR03636,TIGR03653,TIGR03665,TIGR03670,TIGR03671,TIGR03672,TIGR03673,TIGR03674,TIGR03677,TIGR03680,TIGR03683,TIGR03684,TIGR03722
MAG27	20	1	0	101	PF00410.14,PF00466.15,PF00687.16,PF01000.21,PF01496.14,PF01990.12,PF02978.14,TIGR00042,TIGR00064,TIGR00389,TIGR00392,TIGR00398,TIGR00408,TIGR00422,TIGR00442,TIGR00456,TIGR00468,TIGR00521,TIGR00658,TIGR00670	PF13685.1		PF00368.13,PF00827.12,PF00900.15,PF01015.13,PF01090.14,PF01092.14,PF01157.13,PF01191.14,PF01194.12,PF01198.14,PF01200.13,PF01269.12,PF01280.15,PF01282.14,PF01655.13,PF01798.13,PF01864.12,PF01866.12,PF01868.11,PF01984.15,PF02006.11,PF03874.11,PF04019.7,PF04104.9,PF04919.7,PF07541.7,PF13656.1,TIGR00021,TIGR00037,TIGR00111,TIGR00134,TIGR00240,TIGR00264,TIGR00270,TIGR00279,TIGR00283,TIGR00291,TIGR00293,TIGR00307,TIGR00308,TIGR00323,TIGR00324,TIGR00335,TIGR00336,TIGR00337,TIGR00373,TIGR00405,TIGR00425,TIGR00432,TIGR00448,TIGR00458,TIGR00463,TIGR00471,TIGR00490,TIGR00491,TIGR00501,TIGR00522,TIGR00549,TIGR00729,TIGR00936,TIGR00982,TIGR01008,TIGR01012,TIGR01018,TIGR01020,TIGR01025,TIGR01028,TIGR01038,TIGR01046,TIGR01052,TIGR01060,TIGR01077,TIGR01080,TIGR01213,TIGR01309,TIGR01952,TIGR02076,TIGR02153,TIGR02236,TIGR02258,TIGR02338,TIGR02389,TIGR02390,TIGR02651,TIGR03626,TIGR03627,TIGR03628,TIGR03629,TIGR03636,TIGR03653,TIGR03665,TIGR03670,TIGR03671,TIGR03672,TIGR03673,TIGR03674,TIGR03677,TIGR03680,TIGR03683,TIGR03684,TIGR03722
MAG28	15	1	0	106	PF00410.14,PF00466.15,PF00687.16,PF01000.21,PF02978.14,TIGR00042,TIGR00336,TIGR00389,TIGR00408,TIGR00422,TIGR00442,TIGR00456,TIGR00521,TIGR01060,TIGR02651	PF13685.1		PF00368.13,PF00827.12,PF00900.15,PF01015.13,PF01090.14,PF01092.14,PF01157.13,PF01191.14,PF01194.12,PF01198.14,PF01200.13,PF01269.12,PF01280.15,PF01282.14,PF01496.14,PF01655.13,PF01798.13,PF01864.12,PF01866.12,PF01868.11,PF01984.15,PF01990.12,PF02006.11,PF03874.11,PF04019.7,PF04104.9,PF04919.7,PF07541.7,PF13656.1,TIGR00021,TIGR00037,TIGR00064,TIGR00111,TIGR00134,TIGR00240,TIGR00264,TIGR00270,TIGR00279,TIGR00283,TIGR00291,TIGR00293,TIGR00307,TIGR00308,TIGR00323,TIGR00324,TIGR00335,TIGR00337,TIGR00373,TIGR00392,TIGR00398,TIGR00405,TIGR00425,TIGR00432,TIGR00448,TIGR00458,TIGR00463,TIGR00468,TIGR00471,TIGR00490,TIGR00491,TIGR00501,TIGR00522,TIGR00549,TIGR00658,TIGR00670,TIGR00729,TIGR00936,TIGR00982,TIGR01008,TIGR01012,TIGR01018,TIGR01020,TIGR01025,TIGR01028,TIGR01038,TIGR01046,TIGR01052,TIGR01077,TIGR01080,TIGR01213,TIGR01309,TIGR01952,TIGR02076,TIGR02153,TIGR02236,TIGR02258,TIGR02338,TIGR02389,TIGR02390,TIGR03626,TIGR03627,TIGR03628,TIGR03629,TIGR03636,TIGR03653,TIGR03665,TIGR03670,TIGR03671,TIGR03672,TIGR03673,TIGR03674,TIGR03677,TIGR03680,TIGR03683,TIGR03684,TIGR03722
MAG29	15	0	0	107	PF00410.14,PF00466.15,PF00687.16,PF01000.21,PF02978.14,PF13685.1,TIGR00042,TIGR00337,TIGR00392,TIGR00422,TIGR00442,TIGR00468,TIGR00490,TIGR00521,TIGR00936			PF00368.13,PF00827.12,PF00900.15,PF01015.13,PF01090.14,PF01092.14,PF01157.13,PF01191.14,PF01194.12,PF01198.14,PF01200.13,PF01269.12,PF01280.15,PF01282.14,PF01496.14,PF01655.13,PF01798.13,PF01864.12,PF01866.12,PF01868.11,PF01984.15,PF01990.12,PF02006.11,PF03874.11,PF04019.7,PF04104.9,PF04919.7,PF07541.7,PF13656.1,TIGR00021,TIGR00037,TIGR00064,TIGR00111,TIGR00134,TIGR00240,TIGR00264,TIGR00270,TIGR00279,TIGR00283,TIGR00291,TIGR00293,TIGR00307,TIGR00308,TIGR00323,TIGR00324,TIGR00335,TIGR00336,TIGR00373,TIGR00389,TIGR00398,TIGR00405,TIGR00408,TIGR00425,TIGR00432,TIGR00448,TIGR00456,TIGR00458,TIGR00463,TIGR00471,TIGR00491,TIGR00501,TIGR00522,TIGR00549,TIGR00658,TIGR00670,TIGR00729,TIGR00982,TIGR01008,TIGR01012,TIGR01018,TIGR01020,TIGR01025,TIGR01028,TIGR01038,TIGR01046,TIGR01052,TIGR01060,TIGR01077,TIGR01080,TIGR01213,TIGR01309,TIGR01952,TIGR02076,TIGR02153,TIGR02236,TIGR02258,TIGR02338,TIGR02389,TIGR02390,TIGR02651,TIGR03626,TIGR03627,TIGR03628,TIGR03629,TIGR03636,TIGR03653,TIGR03665,TIGR03670,TIGR03671,TIGR03672,TIGR03673,TIGR03674,TIGR03677,TIGR03680,TIGR03683,TIGR03684,TIGR03722
MAG30	22	1	0	99	PF00368.13,PF00410.14,PF00466.15,PF00687.16,PF01000.21,PF02978.14,TIGR00021,TIGR00042,TIGR00064,TIGR00336,TIGR00337,TIGR00392,TIGR00398,TIGR00422,TIGR00442,TIGR00456,TIGR00468,TIGR00521,TIGR00549,TIGR00670,TIGR01060,TIGR02651	PF13685.1		PF00827.12,PF00900.15,PF01015.13,PF01090.14,PF01092.14,PF01157.13,PF01191.14,PF01194.12,PF01198.14,PF01200.13,PF01269.12,PF01280.15,PF01282.14,PF01496.14,PF01655.13,PF01798.13,PF01864.12,PF01866.12,PF01868.11,PF01984.15,PF01990.12,PF02006.11,PF03874.11,PF04019.7,PF04104.9,PF04919.7,PF07541.7,PF13656.1,TIGR00037,TIGR00111,TIGR00134,TIGR00240,TIGR00264,TIGR00270,TIGR00279,TIGR00283,TIGR00291,TIGR00293,TIGR00307,TIGR00308,TIGR00323,TIGR00324,TIGR00335,TIGR00373,TIGR00389,TIGR00405,TIGR00408,TIGR00425,TIGR00432,TIGR00448,TIGR00458,TIGR00463,TIGR00471,TIGR00490,TIGR00491,TIGR00501,TIGR00522,TIGR00658,TIGR00729,TIGR00936,TIGR00982,TIGR01008,TIGR01012,TIGR01018,TIGR01020,TIGR01025,TIGR01028,TIGR01038,TIGR01046,TIGR01052,TIGR01077,TIGR01080,TIGR01213,TIGR01309,TIGR01952,TIGR02076,TIGR02153,TIGR02236,TIGR02258,TIGR02338,TIGR02389,TIGR02390,TIGR03626,TIGR03627,TIGR03628,TIGR03629,TIGR03636,TIGR03653,TIGR03665,TIGR03670,TIGR03671,TIGR03672,TIGR03673,TIGR03674,TIGR03677,TIGR03680,TIGR03683,TIGR03684,TIGR03722
MAG31	23	1	0	98	PF00410.14,PF00466.15,PF00687.16,PF01000.21,PF02978.14,TIGR00042,TIGR00064,TIGR00240,TIGR00336,TIGR00337,TIGR00389,TIGR00392,TIGR00398,TIGR00408,TIGR00422,TIGR00442,TIGR00456,TIGR00458,TIGR00468,TIGR00658,TIGR00670,TIGR01060,TIGR02651	PF13685.1		PF00368.13,PF00827.12,PF00900.15,PF01015.13,PF01090.14,PF01092.14,PF01157.13,PF01191.14,PF01194.12,PF01198.14,PF01200.13,PF01269.12,PF01280.15,PF01282.14,PF01496.14,PF01655.13,PF01798.13,PF01864.12,PF01866.12,PF01868.11,PF01984.15,PF01990.12,PF02006.11,PF03874.11,PF04019.7,PF04104.9,PF04919.7,PF07541.7,PF13656.1,TIGR00021,TIGR00037,TIGR00111,TIGR00134,TIGR00264,TIGR00270,TIGR00279,TIGR00283,TIGR00291,TIGR00293,TIGR00307,TIGR00308,TIGR00323,TIGR00324,TIGR00335,TIGR00373,TIGR00405,TIGR00425,TIGR00432,TIGR00448,TIGR00463,TIGR00471,TIGR00490,TIGR00491,TIGR00501,TIGR00521,TIGR00522,TIGR00549,TIGR00729,TIGR00936,TIGR00982,TIGR01008,TIGR01012,TIGR01018,TIGR01020,TIGR01025,TIGR01028,TIGR01038,TIGR01046,TIGR01052,TIGR01077,TIGR01080,TIGR01213,TIGR01309,TIGR01952,TIGR02076,TIGR02153,TIGR02236,TIGR02258,TIGR02338,TIGR02389,TIGR02390,TIGR03626,TIGR03627,TIGR03628,TIGR03629,TIGR03636,TIGR03653,TIGR03665,TIGR03670,TIGR03671,TIGR03672,TIGR03673,TIGR03674,TIGR03677,TIGR03680,TIGR03683,TIGR03684,TIGR03722
MAG32	22	1	0	99	PF00410.14,PF00466.15,PF00687.16,PF01000.21,PF02978.14,TIGR00042,TIGR00064,TIGR00240,TIGR00336,TIGR00337,TIGR00389,TIGR00392,TIGR00398,TIGR00408,TIGR00422,TIGR00456,TIGR00468,TIGR00521,TIGR00658,TIGR00670,TIGR01060,TIGR02651	PF13685.1		PF00368.13,PF00827.12,PF00900.15,PF01015.13,PF01090.14,PF01092.14,PF01157.13,PF01191.14,PF01194.12,PF01198.14,PF01200.13,PF01269.12,PF01280.15,PF01282.14,PF01496.14,PF01655.13,PF01798.13,PF01864.12,PF01866.12,PF01868.11,PF01984.15,PF01990.12,PF02006.11,PF03874.11,PF04019.7,PF04104.9,PF04919.7,PF07541.7,PF13656.1,TIGR00021,TIGR00037,TIGR00111,TIGR00134,TIGR00264,TIGR00270,TIGR00279,TIGR00283,TIGR00291,TIGR00293,TIGR00307,TIGR00308,TIGR00323,TIGR00324,TIGR00335,TIGR00373,TIGR00405,TIGR00425,TIGR00432,TIGR00442,TIGR00448,TIGR00458,TIGR00463,TIGR00471,TIGR00490,TIGR00491,TIGR00501,TIGR00522,TIGR00549,TIGR00729,TIGR00936,TIGR00982,TIGR01008,TIGR01012,TIGR01018,TIGR01020,TIGR01025,TIGR01028,TIGR01038,TIGR01046,TIGR01052,TIGR01077,TIGR01080,TIGR01213,TIGR01309,TIGR01952,TIGR02076,TIGR02153,TIGR02236,TIGR02258,TIGR02338,TIGR02389,TIGR02390,TIGR03626,TIGR03627,TIGR03628,TIGR03629,TIGR03636,TIGR03653,TIGR03665,TIGR03670,TIGR03671,TIGR03672,TIGR03673,TIGR03674,TIGR03677,TIGR03680,TIGR03683,TIGR03684,TIGR03722
MAG33	20	2	0	100	PF00410.14,PF00466.15,PF00687.16,PF01000.21,PF02978.14,TIGR00042,TIGR00064,TIGR00283,TIGR00336,TIGR00337,TIGR00392,TIGR00398,TIGR00422,TIGR00442,TIGR00456,TIGR00468,TIGR00490,TIGR00521,TIGR00670,TIGR01060	PF13685.1,TIGR00658		PF00368.13,PF00827.12,PF00900.15,PF01015.13,PF01090.14,PF01092.14,PF01157.13,PF01191.14,PF01194.12,PF01198.14,PF01200.13,PF01269.12,PF01280.15,PF01282.14,PF01496.14,PF01655.13,PF01798.13,PF01864.12,PF01866.12,PF01868.11,PF01984.15,PF01990.12,PF02006.11,PF03874.11,PF04019.7,PF04104.9,PF04919.7,PF07541.7,PF13656.1,TIGR00021,TIGR00037,TIGR00111,TIGR00134,TIGR00240,TIGR00264,TIGR00270,TIGR00279,TIGR00291,TIGR00293,TIGR00307,TIGR00308,TIGR00323,TIGR00324,TIGR00335,TIGR00373,TIGR00389,TIGR00405,TIGR00408,TIGR00425,TIGR00432,TIGR00448,TIGR00458,TIGR00463,TIGR00471,TIGR00491,TIGR00501,TIGR00522,TIGR00549,TIGR00729,TIGR00936,TIGR00982,TIGR01008,TIGR01012,TIGR01018,TIGR01020,TIGR01025,TIGR01028,TIGR01038,TIGR01046,TIGR01052,TIGR01077,TIGR01080,TIGR01213,TIGR01309,TIGR01952,TIGR02076,TIGR02153,TIGR02236,TIGR02258,TIGR02338,TIGR02389,TIGR02390,TIGR02651,TIGR03626,TIGR03627,TIGR03628,TIGR03629,TIGR03636,TIGR03653,TIGR03665,TIGR03670,TIGR03671,TIGR03672,TIGR03673,TIGR03674,TIGR03677,TIGR03680,TIGR03683,TIGR03684,TIGR03722
MAG34	20	2	0	100	PF00410.14,PF01000.21,PF01864.12,PF02978.14,TIGR00042,TIGR00064,TIGR00337,TIGR00389,TIGR00392,TIGR00398,TIGR00408,TIGR00422,TIGR00442,TIGR00456,TIGR00468,TIGR00490,TIGR00521,TIGR00670,TIGR01060,TIGR02651	PF13685.1,TIGR00336		PF00368.13,PF00466.15,PF00687.16,PF00827.12,PF00900.15,PF01015.13,PF01090.14,PF01092.14,PF01157.13,PF01191.14,PF01194.12,PF01198.14,PF01200.13,PF01269.12,PF01280.15,PF01282.14,PF01496.14,PF01655.13,PF01798.13,PF01866.12,PF01868.11,PF01984.15,PF01990.12,PF02006.11,PF03874.11,PF04019.7,PF04104.9,PF04919.7,PF07541.7,PF13656.1,TIGR00021,TIGR00037,TIGR00111,TIGR00134,TIGR00240,TIGR00264,TIGR00270,TIGR00279,TIGR00283,TIGR00291,TIGR00293,TIGR00307,TIGR00308,TIGR00323,TIGR00324,TIGR00335,TIGR00373,TIGR00405,TIGR00425,TIGR00432,TIGR00448,TIGR00458,TIGR00463,TIGR00471,TIGR00491,TIGR00501,TIGR00522,TIGR00549,TIGR00658,TIGR00729,TIGR00936,TIGR00982,TIGR01008,TIGR01012,TIGR01018,TIGR01020,TIGR01025,TIGR01028,TIGR01038,TIGR01046,TIGR01052,TIGR01077,TIGR01080,TIGR01213,TIGR01309,TIGR01952,TIGR02076,TIGR02153,TIGR02236,TIGR02258,TIGR02338,TIGR02389,TIGR02390,TIGR03626,TIGR03627,TIGR03628,TIGR03629,TIGR03636,TIGR03653,TIGR03665,TIGR03670,TIGR03671,TIGR03672,TIGR03673,TIGR03674,TIGR03677,TIGR03680,TIGR03683,TIGR03684,TIGR03722
MAG35	23	1	0	98	PF00410.14,PF00466.15,PF00687.16,PF01000.21,PF02978.14,TIGR00042,TIGR00064,TIGR00240,TIGR00336,TIGR00337,TIGR00389,TIGR00392,TIGR00398,TIGR00408,TIGR00422,TIGR00442,TIGR00456,TIGR00468,TIGR00490,TIGR00521,TIGR00670,TIGR01060,TIGR02651	PF13685.1		PF00368.13,PF00827.12,PF00900.15,PF01015.13,PF01090.14,PF01092.14,PF01157.13,PF01191.14,PF01194.12,PF01198.14,PF01200.13,PF01269.12,PF01280.15,PF01282.14,PF01496.14,PF01655.13,PF01798.13,PF01864.12,PF01866.12,PF01868.11,PF01984.15,PF01990.12,PF02006.11,PF03874.11,PF04019.7,PF04104.9,PF04919.7,PF07541.7,PF13656.1,TIGR00021,TIGR00037,TIGR00111,TIGR00134,TIGR00264,TIGR00270,TIGR00279,TIGR00283,TIGR00291,TIGR00293,TIGR00307,TIGR00308,TIGR00323,TIGR00324,TIGR00335,TIGR00373,TIGR00405,TIGR00425,TIGR00432,TIGR00448,TIGR00458,TIGR00463,TIGR00471,TIGR00491,TIGR00501,TIGR00522,TIGR00549,TIGR00658,TIGR00729,TIGR00936,TIGR00982,TIGR01008,TIGR01012,TIGR01018,TIGR01020,TIGR01025,TIGR01028,TIGR01038,TIGR01046,TIGR01052,TIGR01077,TIGR01080,TIGR01213,TIGR01309,TIGR01952,TIGR02076,TIGR02153,TIGR02236,TIGR02258,TIGR02338,TIGR02389,TIGR02390,TIGR03626,TIGR03627,TIGR03628,TIGR03629,TIGR03636,TIGR03653,TIGR03665,TIGR03670,TIGR03671,TIGR03672,TIGR03673,TIGR03674,TIGR03677,TIGR03680,TIGR03683,TIGR03684,TIGR03722
MAG36	21	3	0	98	PF00466.15,PF00687.16,PF01000.21,PF02978.14,TIGR00042,TIGR00064,TIGR00336,TIGR00337,TIGR00389,TIGR00392,TIGR00398,TIGR00408,TIGR00422,TIGR00442,TIGR00456,TIGR00458,TIGR00468,TIGR00521,TIGR00658,TIGR01060,TIGR02651	PF01496.14,PF01990.12,PF13685.1		PF00368.13,PF00410.14,PF00827.12,PF00900.15,PF01015.13,PF01090.14,PF01092.14,PF01157.13,PF01191.14,PF01194.12,PF01198.14,PF01200.13,PF01269.12,PF01280.15,PF01282.14,PF01655.13,PF01798.13,PF01864.12,PF01866.12,PF01868.11,PF01984.15,PF02006.11,PF03874.11,PF04019.7,PF04104.9,PF04919.7,PF07541.7,PF13656.1,TIGR00021,TIGR00037,TIGR00111,TIGR00134,TIGR00240,TIGR00264,TIGR00270,TIGR00279,TIGR00283,TIGR00291,TIGR00293,TIGR00307,TIGR00308,TIGR00323,TIGR00324,TIGR00335,TIGR00373,TIGR00405,TIGR00425,TIGR00432,TIGR00448,TIGR00463,TIGR00471,TIGR00490,TIGR00491,TIGR00501,TIGR00522,TIGR00549,TIGR00670,TIGR00729,TIGR00936,TIGR00982,TIGR01008,TIGR01012,TIGR01018,TIGR01020,TIGR01025,TIGR01028,TIGR01038,TIGR01046,TIGR01052,TIGR01077,TIGR01080,TIGR01213,TIGR01309,TIGR01952,TIGR02076,TIGR02153,TIGR02236,TIGR02258,TIGR02338,TIGR02389,TIGR02390,TIGR03626,TIGR03627,TIGR03628,TIGR03629,TIGR03636,TIGR03653,TIGR03665,TIGR03670,TIGR03671,TIGR03672,TIGR03673,TIGR03674,TIGR03677,TIGR03680,TIGR03683,TIGR03684,TIGR03722
MAG37	20	1	0	101	PF00410.14,PF00466.15,PF00687.16,PF01000.21,PF02978.14,TIGR00042,TIGR00064,TIGR00240,TIGR00336,TIGR00389,TIGR00392,TIGR00398,TIGR00408,TIGR00422,TIGR00442,TIGR00456,TIGR00468,TIGR00658,TIGR00670,TIGR01060	PF13685.1		PF00368.13,PF00827.12,PF00900.15,PF01015.13,PF01090.14,PF01092.14,PF01157.13,PF01191.14,PF01194.12,PF01198.14,PF01200.13,PF01269.12,PF01280.15,PF01282.14,PF01496.14,PF01655.13,PF01798.13,PF01864.12,PF01866.12,PF01868.11,PF01984.15,PF01990.12,PF02006.11,PF03874.11,PF04019.7,PF04104.9,PF04919.7,PF07541.7,PF13656.1,TIGR00021,TIGR00037,TIGR00111,TIGR00134,TIGR00264,TIGR00270,TIGR00279,TIGR00283,TIGR00291,TIGR00293,TIGR00307,TIGR00308,TIGR00323,TIGR00324,TIGR00335,TIGR00337,TIGR00373,TIGR00405,TIGR00425,TIGR00432,TIGR00448,TIGR00458,TIGR00463,TIGR00471,TIGR00490,TIGR00491,TIGR00501,TIGR00521,TIGR00522,TIGR00549,TIGR00729,TIGR00936,TIGR00982,TIGR01008,TIGR01012,TIGR01018,TIGR01020,TIGR01025,TIGR01028,TIGR01038,TIGR01046,TIGR01052,TIGR01077,TIGR01080,TIGR01213,TIGR01309,TIGR01952,TIGR02076,TIGR02153,TIGR02236,TIGR02258,TIGR02338,TIGR02389,TIGR02390,TIGR02651,TIGR03626,TIGR03627,TIGR03628,TIGR03629,TIGR03636,TIGR03653,TIGR03665,TIGR03670,TIGR03671,TIGR03672,TIGR03673,TIGR03674,TIGR03677,TIGR03680,TIGR03683,TIGR03684,TIGR03722
MAG38	26	0	0	96	PF00410.14,PF00466.15,PF00687.16,PF01000.21,PF01496.14,PF01864.12,PF02978.14,PF13685.1,TIGR00042,TIGR00064,TIGR00240,TIGR00336,TIGR00337,TIGR00389,TIGR00392,TIGR00398,TIGR00408,TIGR00422,TIGR00442,TIGR00456,TIGR00468,TIGR00490,TIGR00670,TIGR00936,TIGR01060,TIGR02651			PF00368.13,PF00827.12,PF00900.15,PF01015.13,PF01090.14,PF01092.14,PF01157.13,PF01191.14,PF01194.12,PF01198.14,PF01200.13,PF01269.12,PF01280.15,PF01282.14,PF01655.13,PF01798.13,PF01866.12,PF01868.11,PF01984.15,PF01990.12,PF02006.11,PF03874.11,PF04019.7,PF04104.9,PF04919.7,PF07541.7,PF13656.1,TIGR00021,TIGR00037,TIGR00111,TIGR00134,TIGR00264,TIGR00270,TIGR00279,TIGR00283,TIGR00291,TIGR00293,TIGR00307,TIGR00308,TIGR00323,TIGR00324,TIGR00335,TIGR00373,TIGR00405,TIGR00425,TIGR00432,TIGR00448,TIGR00458,TIGR00463,TIGR00471,TIGR00491,TIGR00501,TIGR00521,TIGR00522,TIGR00549,TIGR00658,TIGR00729,TIGR00982,TIGR01008,TIGR01012,TIGR01018,TIGR01020,TIGR01025,TIGR01028,TIGR01038,TIGR01046,TIGR01052,TIGR01077,TIGR01080,TIGR01213,TIGR01309,TIGR01952,TIGR02076,TIGR02153,TIGR02236,TIGR02258,TIGR02338,TIGR02389,TIGR02390,TIGR03626,TIGR03627,TIGR03628,TIGR03629,TIGR03636,TIGR03653,TIGR03665,TIGR03670,TIGR03671,TIGR03672,TIGR03673,TIGR03674,TIGR03677,TIGR03680,TIGR03683,TIGR03684,TIGR03722
MAG39	16	3	0	103	PF00410.14,PF00466.15,PF00687.16,PF01000.21,PF02978.14,TIGR00021,TIGR00042,TIGR00064,TIGR00392,TIGR00398,TIGR00422,TIGR00442,TIGR00456,TIGR00468,TIGR00521,TIGR02258	PF13685.1,TIGR00336,TIGR00658		PF00368.13,PF00827.12,PF00900.15,PF01015.13,PF01090.14,PF01092.14,PF01157.13,PF01191.14,PF01194.12,PF01198.14,PF01200.13,PF01269.12,PF01280.15,PF01282.14,PF01496.14,PF01655.13,PF01798.13,PF01864.12,PF01866.12,PF01868.11,PF01984.15,PF01990.12,PF02006.11,PF03874.11,PF04019.7,PF04104.9,PF04919.7,PF07541.7,PF13656.1,TIGR00037,TIGR00111,TIGR00134,TIGR00240,TIGR00264,TIGR00270,TIGR00279,TIGR00283,TIGR00291,TIGR00293,TIGR00307,TIGR00308,TIGR00323,TIGR00324,TIGR00335,TIGR00337,TIGR00373,TIGR00389,TIGR00405,TIGR00408,TIGR00425,TIGR00432,TIGR00448,TIGR00458,TIGR00463,TIGR00471,TIGR00490,TIGR00491,TIGR00501,TIGR00522,TIGR00549,TIGR00670,TIGR00729,TIGR00936,TIGR00982,TIGR01008,TIGR01012,TIGR01018,TIGR01020,TIGR01025,TIGR01028,TIGR01038,TIGR01046,TIGR01052,TIGR01060,TIGR01077,TIGR01080,TIGR01213,TIGR01309,TIGR01952,TIGR02076,TIGR02153,TIGR02236,TIGR02338,TIGR02389,TIGR02390,TIGR02651,TIGR03626,TIGR03627,TIGR03628,TIGR03629,TIGR03636,TIGR03653,TIGR03665,TIGR03670,TIGR03671,TIGR03672,TIGR03673,TIGR03674,TIGR03677,TIGR03680,TIGR03683,TIGR03684,TIGR03722
MAG40	22	2	0	98	PF00410.14,PF00466.15,PF00687.16,PF02978.14,TIGR00021,TIGR00042,TIGR00064,TIGR00336,TIGR00337,TIGR00389,TIGR00392,TIGR00398,TIGR00422,TIGR00442,TIGR00456,TIGR00468,TIGR00490,TIGR00521,TIGR00658,TIGR00670,TIGR01060,TIGR02258	PF01000.21,PF13685.1		PF00368.13,PF00827.12,PF00900.15,PF01015.13,PF01090.14,PF01092.14,PF01157.13,PF01191.14,PF01194.12,PF01198.14,PF01200.13,PF01269.12,PF01280.15,PF01282.14,PF01496.14,PF01655.13,PF01798.13,PF01864.12,PF01866.12,PF01868.11,PF01984.15,PF01990.12,PF02006.11,PF03874.11,PF04019.7,PF04104.9,PF04919.7,PF07541.7,PF13656.1,TIGR00037,TIGR00111,TIGR00134,TIGR00240,TIGR00264,TIGR00270,TIGR00279,TIGR00283,TIGR00291,TIGR00293,TIGR00307,TIGR00308,TIGR00323,TIGR00324,TIGR00335,TIGR00373,TIGR00405,TIGR00408,TIGR00425,TIGR00432,TIGR00448,TIGR00458,TIGR00463,TIGR00471,TIGR00491,TIGR00501,TIGR00522,TIGR00549,TIGR00729,TIGR00936,TIGR00982,TIGR01008,TIGR01012,TIGR01018,TIGR01020,TIGR01025,TIGR01028,TIGR01038,TIGR01046,TIGR01052,TIGR01077,TIGR01080,TIGR01213,TIGR01309,TIGR01952,TIGR02076,TIGR02153,TIGR02236,TIGR02338,TIGR02389,TIGR02390,TIGR02651,TIGR03626,TIGR03627,TIGR03628,TIGR03629,TIGR03636,TIGR03653,TIGR03665,TIGR03670,TIGR03671,TIGR03672,TIGR03673,TIGR03674,TIGR03677,TIGR03680,TIGR03683,TIGR03684,TIGR03722
MAG41	12	1	0	109	PF01496.14,PF01990.12,PF13685.1,TIGR00042,TIGR00064,TIGR00336,TIGR00337,TIGR00392,TIGR00442,TIGR00456,TIGR00468,TIGR00670	TIGR00658		PF00368.13,PF00410.14,PF00466.15,PF00687.16,PF00827.12,PF00900.15,PF01000.21,PF01015.13,PF01090.14,PF01092.14,PF01157.13,PF01191.14,PF01194.12,PF01198.14,PF01200.13,PF01269.12,PF01280.15,PF01282.14,PF01655.13,PF01798.13,PF01864.12,PF01866.12,PF01868.11,PF01984.15,PF02006.11,PF02978.14,PF03874.11,PF04019.7,PF04104.9,PF04919.7,PF07541.7,PF13656.1,TIGR00021,TIGR00037,TIGR00111,TIGR00134,TIGR00240,TIGR00264,TIGR00270,TIGR00279,TIGR00283,TIGR00291,TIGR00293,TIGR00307,TIGR00308,TIGR00323,TIGR00324,TIGR00335,TIGR00373,TIGR00389,TIGR00398,TIGR00405,TIGR00408,TIGR00422,TIGR00425,TIGR00432,TIGR00448,TIGR00458,TIGR00463,TIGR00471,TIGR00490,TIGR00491,TIGR00501,TIGR00521,TIGR00522,TIGR00549,TIGR00729,TIGR00936,TIGR00982,TIGR01008,TIGR01012,TIGR01018,TIGR01020,TIGR01025,TIGR01028,TIGR01038,TIGR01046,TIGR01052,TIGR01060,TIGR01077,TIGR01080,TIGR01213,TIGR01309,TIGR01952,TIGR02076,TIGR02153,TIGR02236,TIGR02258,TIGR02338,TIGR02389,TIGR02390,TIGR02651,TIGR03626,TIGR03627,TIGR03628,TIGR03629,TIGR03636,TIGR03653,TIGR03665,TIGR03670,TIGR03671,TIGR03672,TIGR03673,TIGR03674,TIGR03677,TIGR03680,TIGR03683,TIGR03684,TIGR03722
MAG42	18	1	0	103	PF00410.14,PF00466.15,PF00687.16,PF01000.21,PF01496.14,PF01990.12,TIGR00064,TIGR00337,TIGR00389,TIGR00392,TIGR00398,TIGR00422,TIGR00442,TIGR00456,TIGR00468,TIGR00521,TIGR00670,TIGR01060	PF13685.1		PF00368.13,PF00827.12,PF00900.15,PF01015.13,PF01090.14,PF01092.14,PF01157.13,PF01191.14,PF01194.12,PF01198.14,PF01200.13,PF01269.12,PF01280.15,PF01282.14,PF01655.13,PF01798.13,PF01864.12,PF01866.12,PF01868.11,PF01984.15,PF02006.11,PF02978.14,PF03874.11,PF04019.7,PF04104.9,PF04919.7,PF07541.7,PF13656.1,TIGR00021,TIGR00037,TIGR00042,TIGR00111,TIGR00134,TIGR00240,TIGR00264,TIGR00270,TIGR00279,TIGR00283,TIGR00291,TIGR00293,TIGR00307,TIGR00308,TIGR00323,TIGR00324,TIGR00335,TIGR00336,TIGR00373,TIGR00405,TIGR00408,TIGR00425,TIGR00432,TIGR00448,TIGR00458,TIGR00463,TIGR00471,TIGR00490,TIGR00491,TIGR00501,TIGR00522,TIGR00549,TIGR00658,TIGR00729,TIGR00936,TIGR00982,TIGR01008,TIGR01012,TIGR01018,TIGR01020,TIGR01025,TIGR01028,TIGR01038,TIGR01046,TIGR01052,TIGR01077,TIGR01080,TIGR01213,TIGR01309,TIGR01952,TIGR02076,TIGR02153,TIGR02236,TIGR02258,TIGR02338,TIGR02389,TIGR02390,TIGR02651,TIGR03626,TIGR03627,TIGR03628,TIGR03629,TIGR03636,TIGR03653,TIGR03665,TIGR03670,TIGR03671,TIGR03672,TIGR03673,TIGR03674,TIGR03677,TIGR03680,TIGR03683,TIGR03684,TIGR03722
MAG43	22	3	0	97	PF00410.14,PF00466.15,PF00687.16,PF01000.21,PF02978.14,TIGR00042,TIGR00064,TIGR00240,TIGR00336,TIGR00337,TIGR00389,TIGR00392,TIGR00408,TIGR00442,TIGR00456,TIGR00468,TIGR00521,TIGR00658,TIGR00670,TIGR00936,TIGR01060,TIGR02651	PF13685.1,TIGR00398,TIGR00422		PF00368.13,PF00827.12,PF00900.15,PF01015.13,PF01090.14,PF01092.14,PF01157.13,PF01191.14,PF01194.12,PF01198.14,PF01200.13,PF01269.12,PF01280.15,PF01282.14,PF01496.14,PF01655.13,PF01798.13,PF01864.12,PF01866.12,PF01868.11,PF01984.15,PF01990.12,PF02006.11,PF03874.11,PF04019.7,PF04104.9,PF04919.7,PF07541.7,PF13656.1,TIGR00021,TIGR00037,TIGR00111,TIGR00134,TIGR00264,TIGR00270,TIGR00279,TIGR00283,TIGR00291,TIGR00293,TIGR00307,TIGR00308,TIGR00323,TIGR00324,TIGR00335,TIGR00373,TIGR00405,TIGR00425,TIGR00432,TIGR00448,TIGR00458,TIGR00463,TIGR00471,TIGR00490,TIGR00491,TIGR00501,TIGR00522,TIGR00549,TIGR00729,TIGR00982,TIGR01008,TIGR01012,TIGR01018,TIGR01020,TIGR01025,TIGR01028,TIGR01038,TIGR01046,TIGR01052,TIGR01077,TIGR01080,TIGR01213,TIGR01309,TIGR01952,TIGR02076,TIGR02153,TIGR02236,TIGR02258,TIGR02338,TIGR02389,TIGR02390,TIGR03626,TIGR03627,TIGR03628,TIGR03629,TIGR03636,TIGR03653,TIGR03665,TIGR03670,TIGR03671,TIGR03672,TIGR03673,TIGR03674,TIGR03677,TIGR03680,TIGR03683,TIGR03684,TIGR03722
MAG44	12	0	0	110	PF01496.14,PF02978.14,TIGR00337,TIGR00392,TIGR00398,TIGR00408,TIGR00422,TIGR00456,TIGR00521,TIGR00936,TIGR01060,TIGR02651			PF00368.13,PF00410.14,PF00466.15,PF00687.16,PF00827.12,PF00900.15,PF01000.21,PF01015.13,PF01090.14,PF01092.14,PF01157.13,PF01191.14,PF01194.12,PF01198.14,PF01200.13,PF01269.12,PF01280.15,PF01282.14,PF01655.13,PF01798.13,PF01864.12,PF01866.12,PF01868.11,PF01984.15,PF01990.12,PF02006.11,PF03874.11,PF04019.7,PF04104.9,PF04919.7,PF07541.7,PF13656.1,PF13685.1,TIGR00021,TIGR00037,TIGR00042,TIGR00064,TIGR00111,TIGR00134,TIGR00240,TIGR00264,TIGR00270,TIGR00279,TIGR00283,TIGR00291,TIGR00293,TIGR00307,TIGR00308,TIGR00323,TIGR00324,TIGR00335,TIGR00336,TIGR00373,TIGR00389,TIGR00405,TIGR00425,TIGR00432,TIGR00442,TIGR00448,TIGR00458,TIGR00463,TIGR00468,TIGR00471,TIGR00490,TIGR00491,TIGR00501,TIGR00522,TIGR00549,TIGR00658,TIGR00670,TIGR00729,TIGR00982,TIGR01008,TIGR01012,TIGR01018,TIGR01020,TIGR01025,TIGR01028,TIGR01038,TIGR01046,TIGR01052,TIGR01077,TIGR01080,TIGR01213,TIGR01309,TIGR01952,TIGR02076,TIGR02153,TIGR02236,TIGR02258,TIGR02338,TIGR02389,TIGR02390,TIGR03626,TIGR03627,TIGR03628,TIGR03629,TIGR03636,TIGR03653,TIGR03665,TIGR03670,TIGR03671,TIGR03672,TIGR03673,TIGR03674,TIGR03677,TIGR03680,TIGR03683,TIGR03684,TIGR03722
MAG45	23	1	0	98	PF00410.14,PF00466.15,PF00687.16,PF01000.21,PF01496.14,PF02978.14,TIGR00042,TIGR00064,TIGR00240,TIGR00336,TIGR00337,TIGR00389,TIGR00392,TIGR00398,TIGR00408,TIGR00422,TIGR00442,TIGR00456,TIGR00468,TIGR00521,TIGR00670,TIGR01060,TIGR02651	PF13685.1		PF00368.13,PF00827.12,PF00900.15,PF01015.13,PF01090.14,PF01092.14,PF01157.13,PF01191.14,PF01194.12,PF01198.14,PF01200.13,PF01269.12,PF01280.15,PF01282.14,PF01655.13,PF01798.13,PF01864.12,PF01866.12,PF01868.11,PF01984.15,PF01990.12,PF02006.11,PF03874.11,PF04019.7,PF04104.9,PF04919.7,PF07541.7,PF13656.1,TIGR00021,TIGR00037,TIGR00111,TIGR00134,TIGR00264,TIGR00270,TIGR00279,TIGR00283,TIGR00291,TIGR00293,TIGR00307,TIGR00308,TIGR00323,TIGR00324,TIGR00335,TIGR00373,TIGR00405,TIGR00425,TIGR00432,TIGR00448,TIGR00458,TIGR00463,TIGR00471,TIGR00490,TIGR00491,TIGR00501,TIGR00522,TIGR00549,TIGR00658,TIGR00729,TIGR00936,TIGR00982,TIGR01008,TIGR01012,TIGR01018,TIGR01020,TIGR01025,TIGR01028,TIGR01038,TIGR01046,TIGR01052,TIGR01077,TIGR01080,TIGR01213,TIGR01309,TIGR01952,TIGR02076,TIGR02153,TIGR02236,TIGR02258,TIGR02338,TIGR02389,TIGR02390,TIGR03626,TIGR03627,TIGR03628,TIGR03629,TIGR03636,TIGR03653,TIGR03665,TIGR03670,TIGR03671,TIGR03672,TIGR03673,TIGR03674,TIGR03677,TIGR03680,TIGR03683,TIGR03684,TIGR03722
MAG46	19	3	0	100	PF00466.15,PF00687.16,PF01000.21,PF01496.14,PF01990.12,PF02978.14,TIGR00042,TIGR00064,TIGR00336,TIGR00337,TIGR00389,TIGR00392,TIGR00398,TIGR00408,TIGR00422,TIGR00456,TIGR00458,TIGR00468,TIGR00658	PF00410.14,PF13685.1,TIGR00442		PF00368.13,PF00827.12,PF00900.15,PF01015.13,PF01090.14,PF01092.14,PF01157.13,PF01191.14,PF01194.12,PF01198.14,PF01200.13,PF01269.12,PF01280.15,PF01282.14,PF01655.13,PF01798.13,PF01864.12,PF01866.12,PF01868.11,PF01984.15,PF02006.11,PF03874.11,PF04019.7,PF04104.9,PF04919.7,PF07541.7,PF13656.1,TIGR00021,TIGR00037,TIGR00111,TIGR00134,TIGR00240,TIGR00264,TIGR00270,TIGR00279,TIGR00283,TIGR00291,TIGR00293,TIGR00307,TIGR00308,TIGR00323,TIGR00324,TIGR00335,TIGR00373,TIGR00405,TIGR00425,TIGR00432,TIGR00448,TIGR00463,TIGR00471,TIGR00490,TIGR00491,TIGR00501,TIGR00521,TIGR00522,TIGR00549,TIGR00670,TIGR00729,TIGR00936,TIGR00982,TIGR01008,TIGR01012,TIGR01018,TIGR01020,TIGR01025,TIGR01028,TIGR01038,TIGR01046,TIGR01052,TIGR01060,TIGR01077,TIGR01080,TIGR01213,TIGR01309,TIGR01952,TIGR02076,TIGR02153,TIGR02236,TIGR02258,TIGR02338,TIGR02389,TIGR02390,TIGR02651,TIGR03626,TIGR03627,TIGR03628,TIGR03629,TIGR03636,TIGR03653,TIGR03665,TIGR03670,TIGR03671,TIGR03672,TIGR03673,TIGR03674,TIGR03677,TIGR03680,TIGR03683,TIGR03684,TIGR03722
MAG47	20	1	0	101	PF00466.15,PF00687.16,PF02978.14,TIGR00042,TIGR00064,TIGR00240,TIGR00336,TIGR00337,TIGR00389,TIGR00392,TIGR00398,TIGR00408,TIGR00422,TIGR00442,TIGR00456,TIGR00468,TIGR00658,TIGR00670,TIGR01060,TIGR02651	PF13685.1		PF00368.13,PF00410.14,PF00827.12,PF00900.15,PF01000.21,PF01015.13,PF01090.14,PF01092.14,PF01157.13,PF01191.14,PF01194.12,PF01198.14,PF01200.13,PF01269.12,PF01280.15,PF01282.14,PF01496.14,PF01655.13,PF01798.13,PF01864.12,PF01866.12,PF01868.11,PF01984.15,PF01990.12,PF02006.11,PF03874.11,PF04019.7,PF04104.9,PF04919.7,PF07541.7,PF13656.1,TIGR00021,TIGR00037,TIGR00111,TIGR00134,TIGR00264,TIGR00270,TIGR00279,TIGR00283,TIGR00291,TIGR00293,TIGR00307,TIGR00308,TIGR00323,TIGR00324,TIGR00335,TIGR00373,TIGR00405,TIGR00425,TIGR00432,TIGR00448,TIGR00458,TIGR00463,TIGR00471,TIGR00490,TIGR00491,TIGR00501,TIGR00521,TIGR00522,TIGR00549,TIGR00729,TIGR00936,TIGR00982,TIGR01008,TIGR01012,TIGR01018,TIGR01020,TIGR01025,TIGR01028,TIGR01038,TIGR01046,TIGR01052,TIGR01077,TIGR01080,TIGR01213,TIGR01309,TIGR01952,TIGR02076,TIGR02153,TIGR02236,TIGR02258,TIGR02338,TIGR02389,TIGR02390,TIGR03626,TIGR03627,TIGR03628,TIGR03629,TIGR03636,TIGR03653,TIGR03665,TIGR03670,TIGR03671,TIGR03672,TIGR03673,TIGR03674,TIGR03677,TIGR03680,TIGR03683,TIGR03684,TIGR03722
MAG48	16	1	0	105	PF00410.14,PF01000.21,PF02978.14,TIGR00042,TIGR00064,TIGR00337,TIGR00398,TIGR00408,TIGR00422,TIGR00442,TIGR00456,TIGR00468,TIGR00490,TIGR00521,TIGR01060,TIGR02651	PF13685.1		PF00368.13,PF00466.15,PF00687.16,PF00827.12,PF00900.15,PF01015.13,PF01090.14,PF01092.14,PF01157.13,PF01191.14,PF01194.12,PF01198.14,PF01200.13,PF01269.12,PF01280.15,PF01282.14,PF01496.14,PF01655.13,PF01798.13,PF01864.12,PF01866.12,PF01868.11,PF01984.15,PF01990.12,PF02006.11,PF03874.11,PF04019.7,PF04104.9,PF04919.7,PF07541.7,PF13656.1,TIGR00021,TIGR00037,TIGR00111,TIGR00134,TIGR00240,TIGR00264,TIGR00270,TIGR00279,TIGR00283,TIGR00291,TIGR00293,TIGR00307,TIGR00308,TIGR00323,TIGR00324,TIGR00335,TIGR00336,TIGR00373,TIGR00389,TIGR00392,TIGR00405,TIGR00425,TIGR00432,TIGR00448,TIGR00458,TIGR00463,TIGR00471,TIGR00491,TIGR00501,TIGR00522,TIGR00549,TIGR00658,TIGR00670,TIGR00729,TIGR00936,TIGR00982,TIGR01008,TIGR01012,TIGR01018,TIGR01020,TIGR01025,TIGR01028,TIGR01038,TIGR01046,TIGR01052,TIGR01077,TIGR01080,TIGR01213,TIGR01309,TIGR01952,TIGR02076,TIGR02153,TIGR02236,TIGR02258,TIGR02338,TIGR02389,TIGR02390,TIGR03626,TIGR03627,TIGR03628,TIGR03629,TIGR03636,TIGR03653,TIGR03665,TIGR03670,TIGR03671,TIGR03672,TIGR03673,TIGR03674,TIGR03677,TIGR03680,TIGR03683,TIGR03684,TIGR03722
MAG49	24	1	0	97	PF00410.14,PF01000.21,PF01496.14,PF02978.14,TIGR00021,TIGR00042,TIGR00064,TIGR00240,TIGR00336,TIGR00337,TIGR00389,TIGR00392,TIGR00398,TIGR00408,TIGR00422,TIGR00442,TIGR00456,TIGR00468,TIGR00490,TIGR00521,TIGR00670,TIGR00936,TIGR01060,TIGR02651	PF13685.1		PF00368.13,PF00466.15,PF00687.16,PF00827.12,PF00900.15,PF01015.13,PF01090.14,PF01092.14,PF01157.13,PF01191.14,PF01194.12,PF01198.14,PF01200.13,PF01269.12,PF01280.15,PF01282.14,PF01655.13,PF01798.13,PF01864.12,PF01866.12,PF01868.11,PF01984.15,PF01990.12,PF02006.11,PF03874.11,PF04019.7,PF04104.9,PF04919.7,PF07541.7,PF13656.1,TIGR00037,TIGR00111,TIGR00134,TIGR00264,TIGR00270,TIGR00279,TIGR00283,TIGR00291,TIGR00293,TIGR00307,TIGR00308,TIGR00323,TIGR00324,TIGR00335,TIGR00373,TIGR00405,TIGR00425,TIGR00432,TIGR00448,TIGR00458,TIGR00463,TIGR00471,TIGR00491,TIGR00501,TIGR00522,TIGR00549,TIGR00658,TIGR00729,TIGR00982,TIGR01008,TIGR01012,TIGR01018,TIGR01020,TIGR01025,TIGR01028,TIGR01038,TIGR01046,TIGR01052,TIGR01077,TIGR01080,TIGR01213,TIGR01309,TIGR01952,TIGR02076,TIGR02153,TIGR02236,TIGR02258,TIGR02338,TIGR02389,TIGR02390,TIGR03626,TIGR03627,TIGR03628,TIGR03629,TIGR03636,TIGR03653,TIGR03665,TIGR03670,TIGR03671,TIGR03672,TIGR03673,TIGR03674,TIGR03677,TIGR03680,TIGR03683,TIGR03684,TIGR03722
MAG50	22	0	0	100	PF00410.14,PF00466.15,PF00687.16,PF01000.21,PF01496.14,PF01990.12,PF02978.14,PF13685.1,TIGR00336,TIGR00337,TIGR00389,TIGR00392,TIGR00398,TIGR00408,TIGR00422,TIGR00442,TIGR00456,TIGR00458,TIGR00468,TIGR00658,TIGR00670,TIGR01060			PF00368.13,PF00827.12,PF00900.15,PF01015.13,PF01090.14,PF01092.14,PF01157.13,PF01191.14,PF01194.12,PF01198.14,PF01200.13,PF01269.12,PF01280.15,PF01282.14,PF01655.13,PF01798.13,PF01864.12,PF01866.12,PF01868.11,PF01984.15,PF02006.11,PF03874.11,PF04019.7,PF04104.9,PF04919.7,PF07541.7,PF13656.1,TIGR00021,TIGR00037,TIGR00042,TIGR00064,TIGR00111,TIGR00134,TIGR00240,TIGR00264,TIGR00270,TIGR00279,TIGR00283,TIGR00291,TIGR00293,TIGR00307,TIGR00308,TIGR00323,TIGR00324,TIGR00335,TIGR00373,TIGR00405,TIGR00425,TIGR00432,TIGR00448,TIGR00463,TIGR00471,TIGR00490,TIGR00491,TIGR00501,TIGR00521,TIGR00522,TIGR00549,TIGR00729,TIGR00936,TIGR00982,TIGR01008,TIGR01012,TIGR01018,TIGR01020,TIGR01025,TIGR01028,TIGR01038,TIGR01046,TIGR01052,TIGR01077,TIGR01080,TIGR01213,TIGR01309,TIGR01952,TIGR02076,TIGR02153,TIGR02236,TIGR02258,TIGR02338,TIGR02389,TIGR02390,TIGR02651,TIGR03626,TIGR03627,TIGR03628,TIGR03629,TIGR03636,TIGR03653,TIGR03665,TIGR03670,TIGR03671,TIGR03672,TIGR03673,TIGR03674,TIGR03677,TIGR03680,TIGR03683,TIGR03684,TIGR03722
MAG51	20	1	0	101	PF00410.14,PF00466.15,PF00687.16,PF01000.21,PF02978.14,TIGR00042,TIGR00064,TIGR00336,TIGR00398,TIGR00422,TIGR00442,TIGR00456,TIGR00468,TIGR00490,TIGR00521,TIGR00658,TIGR00670,TIGR00936,TIGR01060,TIGR02258	TIGR00337		PF00368.13,PF00827.12,PF00900.15,PF01015.13,PF01090.14,PF01092.14,PF01157.13,PF01191.14,PF01194.12,PF01198.14,PF01200.13,PF01269.12,PF01280.15,PF01282.14,PF01496.14,PF01655.13,PF01798.13,PF01864.12,PF01866.12,PF01868.11,PF01984.15,PF01990.12,PF02006.11,PF03874.11,PF04019.7,PF04104.9,PF04919.7,PF07541.7,PF13656.1,PF13685.1,TIGR00021,TIGR00037,TIGR00111,TIGR00134,TIGR00240,TIGR00264,TIGR00270,TIGR00279,TIGR00283,TIGR00291,TIGR00293,TIGR00307,TIGR00308,TIGR00323,TIGR00324,TIGR00335,TIGR00373,TIGR00389,TIGR00392,TIGR00405,TIGR00408,TIGR00425,TIGR00432,TIGR00448,TIGR00458,TIGR00463,TIGR00471,TIGR00491,TIGR00501,TIGR00522,TIGR00549,TIGR00729,TIGR00982,TIGR01008,TIGR01012,TIGR01018,TIGR01020,TIGR01025,TIGR01028,TIGR01038,TIGR01046,TIGR01052,TIGR01077,TIGR01080,TIGR01213,TIGR01309,TIGR01952,TIGR02076,TIGR02153,TIGR02236,TIGR02338,TIGR02389,TIGR02390,TIGR02651,TIGR03626,TIGR03627,TIGR03628,TIGR03629,TIGR03636,TIGR03653,TIGR03665,TIGR03670,TIGR03671,TIGR03672,TIGR03673,TIGR03674,TIGR03677,TIGR03680,TIGR03683,TIGR03684,TIGR03722
MAG52	14	3	0	105	PF00410.14,PF00466.15,PF00687.16,PF01000.21,PF02978.14,TIGR00042,TIGR00336,TIGR00392,TIGR00398,TIGR00422,TIGR00658,TIGR00670,TIGR01060,TIGR02651	PF13685.1,TIGR00389,TIGR00468		PF00368.13,PF00827.12,PF00900.15,PF01015.13,PF01090.14,PF01092.14,PF01157.13,PF01191.14,PF01194.12,PF01198.14,PF01200.13,PF01269.12,PF01280.15,PF01282.14,PF01496.14,PF01655.13,PF01798.13,PF01864.12,PF01866.12,PF01868.11,PF01984.15,PF01990.12,PF02006.11,PF03874.11,PF04019.7,PF04104.9,PF04919.7,PF07541.7,PF13656.1,TIGR00021,TIGR00037,TIGR00064,TIGR00111,TIGR00134,TIGR00240,TIGR00264,TIGR00270,TIGR00279,TIGR00283,TIGR00291,TIGR00293,TIGR00307,TIGR00308,TIGR00323,TIGR00324,TIGR00335,TIGR00337,TIGR00373,TIGR00405,TIGR00408,TIGR00425,TIGR00432,TIGR00442,TIGR00448,TIGR00456,TIGR00458,TIGR00463,TIGR00471,TIGR00490,TIGR00491,TIGR00501,TIGR00521,TIGR00522,TIGR00549,TIGR00729,TIGR00936,TIGR00982,TIGR01008,TIGR01012,TIGR01018,TIGR01020,TIGR01025,TIGR01028,TIGR01038,TIGR01046,TIGR01052,TIGR01077,TIGR01080,TIGR01213,TIGR01309,TIGR01952,TIGR02076,TIGR02153,TIGR02236,TIGR02258,TIGR02338,TIGR02389,TIGR02390,TIGR03626,TIGR03627,TIGR03628,TIGR03629,TIGR03636,TIGR03653,TIGR03665,TIGR03670,TIGR03671,TIGR03672,TIGR03673,TIGR03674,TIGR03677,TIGR03680,TIGR03683,TIGR03684,TIGR03722
MAG53	23	2	0	97	PF00410.14,PF00466.15,PF00687.16,PF01000.21,PF01496.14,PF01990.12,PF02978.14,TIGR00042,TIGR00064,TIGR00240,TIGR00336,TIGR00389,TIGR00392,TIGR00398,TIGR00408,TIGR00422,TIGR00442,TIGR00456,TIGR00468,TIGR00521,TIGR00670,TIGR01060,TIGR02651	PF13685.1,TIGR00337		PF00368.13,PF00827.12,PF00900.15,PF01015.13,PF01090.14,PF01092.14,PF01157.13,PF01191.14,PF01194.12,PF01198.14,PF01200.13,PF01269.12,PF01280.15,PF01282.14,PF01655.13,PF01798.13,PF01864.12,PF01866.12,PF01868.11,PF01984.15,PF02006.11,PF03874.11,PF04019.7,PF04104.9,PF04919.7,PF07541.7,PF13656.1,TIGR00021,TIGR00037,TIGR00111,TIGR00134,TIGR00264,TIGR00270,TIGR00279,TIGR00283,TIGR00291,TIGR00293,TIGR00307,TIGR00308,TIGR00323,TIGR00324,TIGR00335,TIGR00373,TIGR00405,TIGR00425,TIGR00432,TIGR00448,TIGR00458,TIGR00463,TIGR00471,TIGR00490,TIGR00491,TIGR00501,TIGR00522,TIGR00549,TIGR00658,TIGR00729,TIGR00936,TIGR00982,TIGR01008,TIGR01012,TIGR01018,TIGR01020,TIGR01025,TIGR01028,TIGR01038,TIGR01046,TIGR01052,TIGR01077,TIGR01080,TIGR01213,TIGR01309,TIGR01952,TIGR02076,TIGR02153,TIGR02236,TIGR02258,TIGR02338,TIGR02389,TIGR02390,TIGR03626,TIGR03627,TIGR03628,TIGR03629,TIGR03636,TIGR03653,TIGR03665,TIGR03670,TIGR03671,TIGR03672,TIGR03673,TIGR03674,TIGR03677,TIGR03680,TIGR03683,TIGR03684,TIGR03722
MAG54	21	1	0	100	PF00410.14,PF00466.15,PF00687.16,PF01000.21,PF02978.14,TIGR00042,TIGR00064,TIGR00336,TIGR00337,TIGR00392,TIGR00398,TIGR00422,TIGR00442,TIGR00456,TIGR00468,TIGR00490,TIGR00521,TIGR00658,TIGR00670,TIGR00936,TIGR01060	PF13685.1		PF00368.13,PF00827.12,PF00900.15,PF01015.13,PF01090.14,PF01092.14,PF01157.13,PF01191.14,PF01194.12,PF01198.14,PF01200.13,PF01269.12,PF01280.15,PF01282.14,PF01496.14,PF01655.13,PF01798.13,PF01864.12,PF01866.12,PF01868.11,PF01984.15,PF01990.12,PF02006.11,PF03874.11,PF04019.7,PF04104.9,PF04919.7,PF07541.7,PF13656.1,TIGR00021,TIGR00037,TIGR00111,TIGR00134,TIGR00240,TIGR00264,TIGR00270,TIGR00279,TIGR00283,TIGR00291,TIGR00293,TIGR00307,TIGR00308,TIGR00323,TIGR00324,TIGR00335,TIGR00373,TIGR00389,TIGR00405,TIGR00408,TIGR00425,TIGR00432,TIGR00448,TIGR00458,TIGR00463,TIGR00471,TIGR00491,TIGR00501,TIGR00522,TIGR00549,TIGR00729,TIGR00982,TIGR01008,TIGR01012,TIGR01018,TIGR01020,TIGR01025,TIGR01028,TIGR01038,TIGR01046,TIGR01052,TIGR01077,TIGR01080,TIGR01213,TIGR01309,TIGR01952,TIGR02076,TIGR02153,TIGR02236,TIGR02258,TIGR02338,TIGR02389,TIGR02390,TIGR02651,TIGR03626,TIGR03627,TIGR03628,TIGR03629,TIGR03636,TIGR03653,TIGR03665,TIGR03670,TIGR03671,TIGR03672,TIGR03673,TIGR03674,TIGR03677,TIGR03680,TIGR03683,TIGR03684,TIGR03722
MAG55	24	1	0	97	PF00410.14,PF00466.15,PF00687.16,PF01000.21,PF02978.14,TIGR00042,TIGR00064,TIGR00240,TIGR00336,TIGR00337,TIGR00389,TIGR00392,TIGR00398,TIGR00408,TIGR00422,TIGR00442,TIGR00456,TIGR00468,TIGR00521,TIGR00658,TIGR00670,TIGR00936,TIGR01060,TIGR02651	PF13685.1		PF00368.13,PF00827.12,PF00900.15,PF01015.13,PF01090.14,PF01092.14,PF01157.13,PF01191.14,PF01194.12,PF01198.14,PF01200.13,PF01269.12,PF01280.15,PF01282.14,PF01496.14,PF01655.13,PF01798.13,PF01864.12,PF01866.12,PF01868.11,PF01984.15,PF01990.12,PF02006.11,PF03874.11,PF04019.7,PF04104.9,PF04919.7,PF07541.7,PF13656.1,TIGR00021,TIGR00037,TIGR00111,TIGR00134,TIGR00264,TIGR00270,TIGR00279,TIGR00283,TIGR00291,TIGR00293,TIGR00307,TIGR00308,TIGR00323,TIGR00324,TIGR00335,TIGR00373,TIGR00405,TIGR00425,TIGR00432,TIGR00448,TIGR00458,TIGR00463,TIGR00471,TIGR00490,TIGR00491,TIGR00501,TIGR00522,TIGR00549,TIGR00729,TIGR00982,TIGR01008,TIGR01012,TIGR01018,TIGR01020,TIGR01025,TIGR01028,TIGR01038,TIGR01046,TIGR01052,TIGR01077,TIGR01080,TIGR01213,TIGR01309,TIGR01952,TIGR02076,TIGR02153,TIGR02236,TIGR02258,TIGR02338,TIGR02389,TIGR02390,TIGR03626,TIGR03627,TIGR03628,TIGR03629,TIGR03636,TIGR03653,TIGR03665,TIGR03670,TIGR03671,TIGR03672,TIGR03673,TIGR03674,TIGR03677,TIGR03680,TIGR03683,TIGR03684,TIGR03722
MAG56	22	1	0	99	PF00410.14,PF00466.15,PF00687.16,PF01000.21,PF01496.14,PF02978.14,TIGR00021,TIGR00042,TIGR00336,TIGR00337,TIGR00389,TIGR00392,TIGR00398,TIGR00408,TIGR00422,TIGR00442,TIGR00456,TIGR00468,TIGR00490,TIGR00670,TIGR00936,TIGR02651	PF13685.1		PF00368.13,PF00827.12,PF00900.15,PF01015.13,PF01090.14,PF01092.14,PF01157.13,PF01191.14,PF01194.12,PF01198.14,PF01200.13,PF01269.12,PF01280.15,PF01282.14,PF01655.13,PF01798.13,PF01864.12,PF01866.12,PF01868.11,PF01984.15,PF01990.12,PF02006.11,PF03874.11,PF04019.7,PF04104.9,PF04919.7,PF07541.7,PF13656.1,TIGR00037,TIGR00064,TIGR00111,TIGR00134,TIGR00240,TIGR00264,TIGR00270,TIGR00279,TIGR00283,TIGR00291,TIGR00293,TIGR00307,TIGR00308,TIGR00323,TIGR00324,TIGR00335,TIGR00373,TIGR00405,TIGR00425,TIGR00432,TIGR00448,TIGR00458,TIGR00463,TIGR00471,TIGR00491,TIGR00501,TIGR00521,TIGR00522,TIGR00549,TIGR00658,TIGR00729,TIGR00982,TIGR01008,TIGR01012,TIGR01018,TIGR01020,TIGR01025,TIGR01028,TIGR01038,TIGR01046,TIGR01052,TIGR01060,TIGR01077,TIGR01080,TIGR01213,TIGR01309,TIGR01952,TIGR02076,TIGR02153,TIGR02236,TIGR02258,TIGR02338,TIGR02389,TIGR02390,TIGR03626,TIGR03627,TIGR03628,TIGR03629,TIGR03636,TIGR03653,TIGR03665,TIGR03670,TIGR03671,TIGR03672,TIGR03673,TIGR03674,TIGR03677,TIGR03680,TIGR03683,TIGR03684,TIGR03722
MAG57	23	1	0	98	PF00410.14,PF00466.15,PF00687.16,PF01000.21,PF02978.14,TIGR00042,TIGR00064,TIGR00240,TIGR00336,TIGR00337,TIGR00389,TIGR00392,TIGR00398,TIGR00408,TIGR00422,TIGR00442,TIGR00456,TIGR00468,TIGR00490,TIGR00521,TIGR00670,TIGR01060,TIGR02651	PF13685.1		PF00368.13,PF00827.12,PF00900.15,PF01015.13,PF01090.14,PF01092.14,PF01157.13,PF01191.14,PF01194.12,PF01198.14,PF01200.13,PF01269.12,PF01280.15,PF01282.14,PF01496.14,PF01655.13,PF01798.13,PF01864.12,PF01866.12,PF01868.11,PF01984.15,PF01990.12,PF02006.11,PF03874.11,PF04019.7,PF04104.9,PF04919.7,PF07541.7,PF13656.1,TIGR00021,TIGR00037,TIGR00111,TIGR00134,TIGR00264,TIGR00270,TIGR00279,TIGR00283,TIGR00291,TIGR00293,TIGR00307,TIGR00308,TIGR00323,TIGR00324,TIGR00335,TIGR00373,TIGR00405,TIGR00425,TIGR00432,TIGR00448,TIGR00458,TIGR00463,TIGR00471,TIGR00491,TIGR00501,TIGR00522,TIGR00549,TIGR00658,TIGR00729,TIGR00936,TIGR00982,TIGR01008,TIGR01012,TIGR01018,TIGR01020,TIGR01025,TIGR01028,TIGR01038,TIGR01046,TIGR01052,TIGR01077,TIGR01080,TIGR01213,TIGR01309,TIGR01952,TIGR02076,TIGR02153,TIGR02236,TIGR02258,TIGR02338,TIGR02389,TIGR02390,TIGR03626,TIGR03627,TIGR03628,TIGR03629,TIGR03636,TIGR03653,TIGR03665,TIGR03670,TIGR03671,TIGR03672,TIGR03673,TIGR03674,TIGR03677,TIGR03680,TIGR03683,TIGR03684,TIGR03722
MAG58	23	1	0	98	PF00410.14,PF00466.15,PF00687.16,PF01000.21,PF01496.14,PF02978.14,TIGR00042,TIGR00064,TIGR00240,TIGR00336,TIGR00337,TIGR00389,TIGR00392,TIGR00398,TIGR00408,TIGR00422,TIGR00442,TIGR00456,TIGR00468,TIGR00521,TIGR00670,TIGR01060,TIGR02651	PF13685.1		PF00368.13,PF00827.12,PF00900.15,PF01015.13,PF01090.14,PF01092.14,PF01157.13,PF01191.14,PF01194.12,PF01198.14,PF01200.13,PF01269.12,PF01280.15,PF01282.14,PF01655.13,PF01798.13,PF01864.12,PF01866.12,PF01868.11,PF01984.15,PF01990.12,PF02006.11,PF03874.11,PF04019.7,PF04104.9,PF04919.7,PF07541.7,PF13656.1,TIGR00021,TIGR00037,TIGR00111,TIGR00134,TIGR00264,TIGR00270,TIGR00279,TIGR00283,TIGR00291,TIGR00293,TIGR00307,TIGR00308,TIGR00323,TIGR00324,TIGR00335,TIGR00373,TIGR00405,TIGR00425,TIGR00432,TIGR00448,TIGR00458,TIGR00463,TIGR00471,TIGR00490,TIGR00491,TIGR00501,TIGR00522,TIGR00549,TIGR00658,TIGR00729,TIGR00936,TIGR00982,TIGR01008,TIGR01012,TIGR01018,TIGR01020,TIGR01025,TIGR01028,TIGR01038,TIGR01046,TIGR01052,TIGR01077,TIGR01080,TIGR01213,TIGR01309,TIGR01952,TIGR02076,TIGR02153,TIGR02236,TIGR02258,TIGR02338,TIGR02389,TIGR02390,TIGR03626,TIGR03627,TIGR03628,TIGR03629,TIGR03636,TIGR03653,TIGR03665,TIGR03670,TIGR03671,TIGR03672,TIGR03673,TIGR03674,TIGR03677,TIGR03680,TIGR03683,TIGR03684,TIGR03722
MAG59	13	2	0	107	PF00687.16,PF01000.21,PF01864.12,PF02978.14,PF13685.1,TIGR00042,TIGR00389,TIGR00392,TIGR00398,TIGR00408,TIGR00442,TIGR00658,TIGR01060	PF01496.14,PF01990.12		PF00368.13,PF00410.14,PF00466.15,PF00827.12,PF00900.15,PF01015.13,PF01090.14,PF01092.14,PF01157.13,PF01191.14,PF01194.12,PF01198.14,PF01200.13,PF01269.12,PF01280.15,PF01282.14,PF01655.13,PF01798.13,PF01866.12,PF01868.11,PF01984.15,PF02006.11,PF03874.11,PF04019.7,PF04104.9,PF04919.7,PF07541.7,PF13656.1,TIGR00021,TIGR00037,TIGR00064,TIGR00111,TIGR00134,TIGR00240,TIGR00264,TIGR00270,TIGR00279,TIGR00283,TIGR00291,TIGR00293,TIGR00307,TIGR00308,TIGR00323,TIGR00324,TIGR00335,TIGR00336,TIGR00337,TIGR00373,TIGR00405,TIGR00422,TIGR00425,TIGR00432,TIGR00448,TIGR00456,TIGR00458,TIGR00463,TIGR00468,TIGR00471,TIGR00490,TIGR00491,TIGR00501,TIGR00521,TIGR00522,TIGR00549,TIGR00670,TIGR00729,TIGR00936,TIGR00982,TIGR01008,TIGR01012,TIGR01018,TIGR01020,TIGR01025,TIGR01028,TIGR01038,TIGR01046,TIGR01052,TIGR01077,TIGR01080,TIGR01213,TIGR01309,TIGR01952,TIGR02076,TIGR02153,TIGR02236,TIGR02258,TIGR02338,TIGR02389,TIGR02390,TIGR02651,TIGR03626,TIGR03627,TIGR03628,TIGR03629,TIGR03636,TIGR03653,TIGR03665,TIGR03670,TIGR03671,TIGR03672,TIGR03673,TIGR03674,TIGR03677,TIGR03680,TIGR03683,TIGR03684,TIGR03722
MAG60	13	2	0	107	TIGR00042,TIGR00064,TIGR00240,TIGR00336,TIGR00337,TIGR00389,TIGR00408,TIGR00442,TIGR00456,TIGR00468,TIGR00521,TIGR00670,TIGR02651	PF02978.14,PF13685.1		PF00368.13,PF00410.14,PF00466.15,PF00687.16,PF00827.12,PF00900.15,PF01000.21,PF01015.13,PF01090.14,PF01092.14,PF01157.13,PF01191.14,PF01194.12,PF01198.14,PF01200.13,PF01269.12,PF01280.15,PF01282.14,PF01496.14,PF01655.13,PF01798.13,PF01864.12,PF01866.12,PF01868.11,PF01984.15,PF01990.12,PF02006.11,PF03874.11,PF04019.7,PF04104.9,PF04919.7,PF07541.7,PF13656.1,TIGR00021,TIGR00037,TIGR00111,TIGR00134,TIGR00264,TIGR00270,TIGR00279,TIGR00283,TIGR00291,TIGR00293,TIGR00307,TIGR00308,TIGR00323,TIGR00324,TIGR00335,TIGR00373,TIGR00392,TIGR00398,TIGR00405,TIGR00422,TIGR00425,TIGR00432,TIGR00448,TIGR00458,TIGR00463,TIGR00471,TIGR00490,TIGR00491,TIGR00501,TIGR00522,TIGR00549,TIGR00658,TIGR00729,TIGR00936,TIGR00982,TIGR01008,TIGR01012,TIGR01018,TIGR01020,TIGR01025,TIGR01028,TIGR01038,TIGR01046,TIGR01052,TIGR01060,TIGR01077,TIGR01080,TIGR01213,TIGR01309,TIGR01952,TIGR02076,TIGR02153,TIGR02236,TIGR02258,TIGR02338,TIGR02389,TIGR02390,TIGR03626,TIGR03627,TIGR03628,TIGR03629,TIGR03636,TIGR03653,TIGR03665,TIGR03670,TIGR03671,TIGR03672,TIGR03673,TIGR03674,TIGR03677,TIGR03680,TIGR03683,TIGR03684,TIGR03722
MAG61	18	1	0	103	PF00410.14,PF01000.21,TIGR00042,TIGR00064,TIGR00240,TIGR00336,TIGR00337,TIGR00389,TIGR00392,TIGR00408,TIGR00422,TIGR00442,TIGR00468,TIGR00490,TIGR00521,TIGR00670,TIGR01060,TIGR02651	PF13685.1		PF00368.13,PF00466.15,PF00687.16,PF00827.12,PF00900.15,PF01015.13,PF01090.14,PF01092.14,PF01157.13,PF01191.14,PF01194.12,PF01198.14,PF01200.13,PF01269.12,PF01280.15,PF01282.14,PF01496.14,PF01655.13,PF01798.13,PF01864.12,PF01866.12,PF01868.11,PF01984.15,PF01990.12,PF02006.11,PF02978.14,PF03874.11,PF04019.7,PF04104.9,PF04919.7,PF07541.7,PF13656.1,TIGR00021,TIGR00037,TIGR00111,TIGR00134,TIGR00264,TIGR00270,TIGR00279,TIGR00283,TIGR00291,TIGR00293,TIGR00307,TIGR00308,TIGR00323,TIGR00324,TIGR00335,TIGR00373,TIGR00398,TIGR00405,TIGR00425,TIGR00432,TIGR00448,TIGR00456,TIGR00458,TIGR00463,TIGR00471,TIGR00491,TIGR00501,TIGR00522,TIGR00549,TIGR00658,TIGR00729,TIGR00936,TIGR00982,TIGR01008,TIGR01012,TIGR01018,TIGR01020,TIGR01025,TIGR01028,TIGR01038,TIGR01046,TIGR01052,TIGR01077,TIGR01080,TIGR01213,TIGR01309,TIGR01952,TIGR02076,TIGR02153,TIGR02236,TIGR02258,TIGR02338,TIGR02389,TIGR02390,TIGR03626,TIGR03627,TIGR03628,TIGR03629,TIGR03636,TIGR03653,TIGR03665,TIGR03670,TIGR03671,TIGR03672,TIGR03673,TIGR03674,TIGR03677,TIGR03680,TIGR03683,TIGR03684,TIGR03722
MAG62	25	1	0	96	PF00410.14,PF00466.15,PF00687.16,PF01000.21,PF01496.14,PF02978.14,TIGR00042,TIGR00064,TIGR00240,TIGR00336,TIGR00337,TIGR00389,TIGR00392,TIGR00398,TIGR00408,TIGR00422,TIGR00442,TIGR00456,TIGR00468,TIGR00490,TIGR00521,TIGR00658,TIGR00670,TIGR01060,TIGR02651	PF13685.1		PF00368.13,PF00827.12,PF00900.15,PF01015.13,PF01090.14,PF01092.14,PF01157.13,PF01191.14,PF01194.12,PF01198.14,PF01200.13,PF01269.12,PF01280.15,PF01282.14,PF01655.13,PF01798.13,PF01864.12,PF01866.12,PF01868.11,PF01984.15,PF01990.12,PF02006.11,PF03874.11,PF04019.7,PF04104.9,PF04919.7,PF07541.7,PF13656.1,TIGR00021,TIGR00037,TIGR00111,TIGR00134,TIGR00264,TIGR00270,TIGR00279,TIGR00283,TIGR00291,TIGR00293,TIGR00307,TIGR00308,TIGR00323,TIGR00324,TIGR00335,TIGR00373,TIGR00405,TIGR00425,TIGR00432,TIGR00448,TIGR00458,TIGR00463,TIGR00471,TIGR00491,TIGR00501,TIGR00522,TIGR00549,TIGR00729,TIGR00936,TIGR00982,TIGR01008,TIGR01012,TIGR01018,TIGR01020,TIGR01025,TIGR01028,TIGR01038,TIGR01046,TIGR01052,TIGR01077,TIGR01080,TIGR01213,TIGR01309,TIGR01952,TIGR02076,TIGR02153,TIGR02236,TIGR02258,TIGR02338,TIGR02389,TIGR02390,TIGR03626,TIGR03627,TIGR03628,TIGR03629,TIGR03636,TIGR03653,TIGR03665,TIGR03670,TIGR03671,TIGR03672,TIGR03673,TIGR03674,TIGR03677,TIGR03680,TIGR03683,TIGR03684,TIGR03722
MAG63	19	3	0	100	PF00410.14,PF00466.15,PF01000.21,PF01496.14,PF01990.12,PF02978.14,TIGR00042,TIGR00064,TIGR00240,TIGR00336,TIGR00337,TIGR00389,TIGR00392,TIGR00398,TIGR00408,TIGR00442,TIGR00456,TIGR00468,TIGR00670	PF13685.1,TIGR00422,TIGR00658		PF00368.13,PF00687.16,PF00827.12,PF00900.15,PF01015.13,PF01090.14,PF01092.14,PF01157.13,PF01191.14,PF01194.12,PF01198.14,PF01200.13,PF01269.12,PF01280.15,PF01282.14,PF01655.13,PF01798.13,PF01864.12,PF01866.12,PF01868.11,PF01984.15,PF02006.11,PF03874.11,PF04019.7,PF04104.9,PF04919.7,PF07541.7,PF13656.1,TIGR00021,TIGR00037,TIGR00111,TIGR00134,TIGR00264,TIGR00270,TIGR00279,TIGR00283,TIGR00291,TIGR00293,TIGR00307,TIGR00308,TIGR00323,TIGR00324,TIGR00335,TIGR00373,TIGR00405,TIGR00425,TIGR00432,TIGR00448,TIGR00458,TIGR00463,TIGR00471,TIGR00490,TIGR00491,TIGR00501,TIGR00521,TIGR00522,TIGR00549,TIGR00729,TIGR00936,TIGR00982,TIGR01008,TIGR01012,TIGR01018,TIGR01020,TIGR01025,TIGR01028,TIGR01038,TIGR01046,TIGR01052,TIGR01060,TIGR01077,TIGR01080,TIGR01213,TIGR01309,TIGR01952,TIGR02076,TIGR02153,TIGR02236,TIGR02258,TIGR02338,TIGR02389,TIGR02390,TIGR02651,TIGR03626,TIGR03627,TIGR03628,TIGR03629,TIGR03636,TIGR03653,TIGR03665,TIGR03670,TIGR03671,TIGR03672,TIGR03673,TIGR03674,TIGR03677,TIGR03680,TIGR03683,TIGR03684,TIGR03722
