NODE_1_length_426476_cov_20.919868	SRS1992958_vamb_370
NODE_2_length_382687_cov_21.297419	SRS1992958_vamb_370
NODE_3_length_335529_cov_199.766027	SRS1992958_vamb_615
NODE_4_length_313833_cov_39.907030	SRS1992958_vamb_2394
NODE_5_length_246210_cov_27.986541	SRS1992958_vamb_370
NODE_6_length_227633_cov_137.557246	SRS1992958_vamb_615
NODE_7_length_221625_cov_24.199950	SRS1992958_vamb_370
NODE_8_length_220067_cov_236.764536	SRS1992958_vamb_615
NODE_10_length_204938_cov_20.462942	SRS1992958_vamb_370
NODE_9_length_205109_cov_49.283291	SRS1992958_vamb_2394
NODE_11_length_181903_cov_147.746783	SRS1992958_vamb_615
NODE_12_length_181103_cov_173.717556	SRS1992958_vamb_615
NODE_13_length_180141_cov_17.891524	SRS1992958_vamb_370
NODE_14_length_177834_cov_25.813926	SRS1992958_vamb_370
NODE_15_length_174035_cov_246.969347	SRS1992958_vamb_615
NODE_16_length_169615_cov_18.892333	SRS1992958_vamb_370
NODE_17_length_158184_cov_17.494343	SRS1992958_vamb_370
NODE_18_length_154952_cov_163.616442	SRS1992958_vamb_615
NODE_19_length_151541_cov_169.872133	SRS1992958_vamb_2394
NODE_20_length_136633_cov_64.664873	SRS1992958_vamb_2394
NODE_21_length_135393_cov_29.615282	SRS1992958_vamb_370
NODE_22_length_129218_cov_20.529834	SRS1992958_vamb_370
NODE_23_length_126878_cov_17.687825	SRS1992958_vamb_370
NODE_24_length_124476_cov_38.140330	SRS1992958_vamb_2394
NODE_25_length_123169_cov_25.556663	SRS1992958_vamb_370
NODE_26_length_121941_cov_18.059966	SRS1992958_vamb_370
NODE_27_length_121599_cov_199.765501	SRS1992958_vamb_615
NODE_28_length_108754_cov_17.396968	SRS1992958_vamb_370
NODE_29_length_107346_cov_22.435889	SRS1992958_vamb_370
NODE_30_length_105195_cov_87.240375	SRS1992958_vamb_664
NODE_31_length_98348_cov_56.198509	SRS1992958_vamb_2394
NODE_32_length_94378_cov_160.538373	SRS1992958_vamb_615
NODE_33_length_93410_cov_110.165326	SRS1992958_vamb_664
NODE_34_length_91922_cov_29.478561	SRS1992958_vamb_370
NODE_35_length_90956_cov_115.693590	SRS1992958_vamb_664
NODE_36_length_89198_cov_112.015324	SRS1992958_vamb_664
NODE_37_length_88686_cov_204.785459	SRS1992958_vamb_615
NODE_38_length_86830_cov_21.211835	SRS1992958_vamb_370
NODE_39_length_86023_cov_111.505409	SRS1992958_vamb_664
NODE_40_length_85726_cov_93.187917	SRS1992958_vamb_664
NODE_41_length_85473_cov_172.743216	SRS1992958_vamb_664
NODE_42_length_82690_cov_190.683161	SRS1992958_vamb_664
NODE_43_length_81513_cov_19.764161	SRS1992958_vamb_370
NODE_45_length_79821_cov_166.392899	SRS1992958_vamb_664
NODE_46_length_79230_cov_154.559975	SRS1992958_vamb_664
NODE_44_length_79875_cov_70.701553	SRS1992958_vamb_2394
NODE_47_length_77863_cov_185.337870	SRS1992958_vamb_664
NODE_48_length_77334_cov_149.214961	SRS1992958_vamb_664
NODE_49_length_75686_cov_31.701247	SRS1992958_vamb_370
NODE_50_length_75040_cov_112.980703	SRS1992958_vamb_664
NODE_51_length_74859_cov_24.623108	SRS1992958_vamb_370
NODE_52_length_72475_cov_115.430641	SRS1992958_vamb_664
NODE_53_length_72464_cov_78.516510	SRS1992958_vamb_2394
NODE_54_length_71432_cov_28.889642	SRS1992958_vamb_370
NODE_55_length_70716_cov_135.467429	SRS1992958_vamb_615
NODE_56_length_70022_cov_44.475210	SRS1992958_vamb_2394
NODE_57_length_69098_cov_49.060672	SRS1992958_vamb_2394
NODE_58_length_68545_cov_160.647423	SRS1992958_vamb_664
NODE_59_length_68108_cov_51.423890	SRS1992958_vamb_2394
NODE_60_length_67030_cov_127.722523	SRS1992958_vamb_664
NODE_61_length_63587_cov_18.087263	SRS1992958_vamb_370
NODE_62_length_62372_cov_107.446556	SRS1992958_vamb_664
NODE_63_length_59812_cov_99.097261	SRS1992958_vamb_664
NODE_64_length_59643_cov_162.045798	SRS1992958_vamb_664
NODE_65_length_59616_cov_18.056799	SRS1992958_vamb_370
NODE_66_length_58267_cov_158.421030	SRS1992958_vamb_664
NODE_67_length_55934_cov_19.511283	SRS1992958_vamb_370
NODE_68_length_55750_cov_26.076650	SRS1992958_vamb_370
NODE_70_length_55282_cov_113.336267	SRS1992958_vamb_664
NODE_69_length_55452_cov_40.575753	SRS1992958_vamb_2394
NODE_71_length_54476_cov_102.395362	SRS1992958_vamb_664
NODE_72_length_53795_cov_103.365519	SRS1992958_vamb_664
NODE_73_length_52990_cov_104.232946	SRS1992958_vamb_664
NODE_74_length_51532_cov_114.270665	SRS1992958_vamb_664
NODE_75_length_50716_cov_141.226920	SRS1992958_vamb_664
NODE_76_length_49995_cov_98.062615	SRS1992958_vamb_664
NODE_77_length_49697_cov_94.755590	SRS1992958_vamb_664
NODE_78_length_49559_cov_244.592437	SRS1992958_vamb_2394
NODE_79_length_49052_cov_135.224646	SRS1992958_vamb_664
NODE_80_length_48219_cov_154.648659	SRS1992958_vamb_664
NODE_82_length_47992_cov_105.469992	SRS1992958_vamb_664
NODE_84_length_47452_cov_116.138743	SRS1992958_vamb_664
NODE_85_length_47345_cov_145.441616	SRS1992958_vamb_664
NODE_86_length_47189_cov_115.428099	SRS1992958_vamb_664
NODE_83_length_47750_cov_106.292609	SRS1992958_vamb_664
NODE_87_length_46421_cov_26.889100	SRS1992958_vamb_370
NODE_88_length_46386_cov_67.800932	SRS1992958_vamb_2394
NODE_90_length_45778_cov_118.512106	SRS1992958_vamb_664
NODE_91_length_45628_cov_160.841705	SRS1992958_vamb_664
NODE_93_length_45003_cov_119.501224	SRS1992958_vamb_664
NODE_94_length_44990_cov_159.224636	SRS1992958_vamb_664
NODE_96_length_43905_cov_74.824675	SRS1992958_vamb_2394
NODE_97_length_43733_cov_100.448510	SRS1992958_vamb_664
NODE_95_length_43954_cov_42.213536	SRS1992958_vamb_2394
NODE_98_length_43502_cov_96.915115	SRS1992958_vamb_664
NODE_99_length_43418_cov_240.503678	SRS1992958_vamb_2394
NODE_100_length_42929_cov_181.712693	SRS1992958_vamb_664
NODE_101_length_42183_cov_152.197375	SRS1992958_vamb_664
NODE_102_length_40716_cov_137.400310	SRS1992958_vamb_664
NODE_103_length_40686_cov_132.849942	SRS1992958_vamb_664
NODE_104_length_40564_cov_46.597497	SRS1992958_vamb_2394
NODE_105_length_40502_cov_208.164487	SRS1992958_vamb_664
NODE_106_length_39961_cov_116.736681	SRS1992958_vamb_664
NODE_107_length_39675_cov_115.542479	SRS1992958_vamb_664
NODE_109_length_39248_cov_117.654045	SRS1992958_vamb_664
NODE_108_length_39564_cov_99.678605	SRS1992958_vamb_664
NODE_110_length_38928_cov_126.626810	SRS1992958_vamb_664
NODE_111_length_38923_cov_185.553103	SRS1992958_vamb_664
NODE_112_length_38785_cov_31.788639	SRS1992958_vamb_370
NODE_113_length_38640_cov_169.012570	SRS1992958_vamb_664
NODE_114_length_38413_cov_162.890192	SRS1992958_vamb_664
NODE_115_length_38163_cov_164.093786	SRS1992958_vamb_2394
NODE_116_length_37642_cov_88.878575	SRS1992958_vamb_664
NODE_117_length_37341_cov_119.857158	SRS1992958_vamb_664
NODE_118_length_37273_cov_180.217771	SRS1992958_vamb_615
NODE_119_length_36492_cov_108.512968	SRS1992958_vamb_664
NODE_121_length_35733_cov_117.524693	SRS1992958_vamb_664
NODE_122_length_35670_cov_112.530394	SRS1992958_vamb_664
NODE_123_length_35565_cov_49.002985	SRS1992958_vamb_2394
NODE_124_length_35386_cov_53.551018	SRS1992958_vamb_2394
NODE_125_length_35321_cov_178.583962	SRS1992958_vamb_664
NODE_126_length_35160_cov_133.464207	SRS1992958_vamb_664
NODE_120_length_35825_cov_8.840844	SRS1992958_vamb_1046
NODE_127_length_34610_cov_124.120532	SRS1992958_vamb_664
NODE_129_length_34480_cov_95.827771	SRS1992958_vamb_664
NODE_130_length_34417_cov_52.023078	SRS1992958_vamb_2394
NODE_128_length_34490_cov_110.108639	SRS1992958_vamb_664
NODE_131_length_34296_cov_138.356415	SRS1992958_vamb_664
NODE_132_length_34087_cov_117.496973	SRS1992958_vamb_664
NODE_134_length_33906_cov_138.545863	SRS1992958_vamb_664
NODE_135_length_33740_cov_160.472376	SRS1992958_vamb_664
NODE_133_length_33988_cov_114.063537	SRS1992958_vamb_664
NODE_136_length_33165_cov_134.644699	SRS1992958_vamb_664
NODE_137_length_33133_cov_107.348631	SRS1992958_vamb_664
NODE_138_length_33107_cov_118.178507	SRS1992958_vamb_664
NODE_139_length_32927_cov_110.538969	SRS1992958_vamb_664
NODE_140_length_32114_cov_178.617206	SRS1992958_vamb_664
NODE_141_length_31938_cov_119.925666	SRS1992958_vamb_664
NODE_142_length_31815_cov_101.281108	SRS1992958_vamb_664
NODE_143_length_31622_cov_130.090633	SRS1992958_vamb_664
NODE_144_length_31334_cov_33.580262	SRS1992958_vamb_370
NODE_145_length_31018_cov_108.280981	SRS1992958_vamb_664
NODE_146_length_30942_cov_168.552368	SRS1992958_vamb_664
NODE_147_length_30205_cov_258.293300	SRS1992958_vamb_664
NODE_148_length_30169_cov_64.055688	SRS1992958_vamb_2394
NODE_149_length_29951_cov_150.369782	SRS1992958_vamb_664
NODE_150_length_29730_cov_124.919124	SRS1992958_vamb_664
NODE_151_length_29719_cov_183.967638	SRS1992958_vamb_664
NODE_152_length_29490_cov_226.607474	SRS1992958_vamb_664
NODE_153_length_29296_cov_51.424883	SRS1992958_vamb_2394
NODE_154_length_29092_cov_33.179288	SRS1992958_vamb_2394
NODE_155_length_28532_cov_99.008147	SRS1992958_vamb_664
NODE_156_length_28494_cov_176.266149	SRS1992958_vamb_664
NODE_157_length_28384_cov_171.065834	SRS1992958_vamb_664
NODE_158_length_28034_cov_184.408449	SRS1992958_vamb_664
NODE_159_length_27985_cov_186.209273	SRS1992958_vamb_664
NODE_160_length_27645_cov_159.126531	SRS1992958_vamb_664
NODE_161_length_27187_cov_155.791132	SRS1992958_vamb_664
NODE_162_length_27156_cov_278.758016	SRS1992958_vamb_664
NODE_163_length_26953_cov_33.627519	SRS1992958_vamb_370
NODE_164_length_26800_cov_62.544999	SRS1992958_vamb_2394
NODE_165_length_26799_cov_126.814426	SRS1992958_vamb_664
NODE_166_length_26483_cov_142.873581	SRS1992958_vamb_664
NODE_167_length_26347_cov_186.732694	SRS1992958_vamb_664
NODE_168_length_26251_cov_117.545809	SRS1992958_vamb_664
NODE_170_length_26204_cov_40.632185	SRS1992958_vamb_2394
NODE_171_length_26130_cov_152.293384	SRS1992958_vamb_664
NODE_169_length_26231_cov_7.214586	SRS1992958_vamb_18
NODE_172_length_25566_cov_131.208106	SRS1992958_vamb_664
NODE_173_length_25376_cov_98.815489	SRS1992958_vamb_664
NODE_174_length_24844_cov_105.191779	SRS1992958_vamb_664
NODE_175_length_24709_cov_118.989697	SRS1992958_vamb_664
NODE_177_length_24533_cov_116.642454	SRS1992958_vamb_664
NODE_178_length_24507_cov_144.469982	SRS1992958_vamb_664
NODE_179_length_24216_cov_146.003063	SRS1992958_vamb_664
NODE_180_length_24196_cov_121.704279	SRS1992958_vamb_664
NODE_176_length_24554_cov_5.044532	SRS1992958_vamb_18
NODE_181_length_24135_cov_77.335091	SRS1992958_vamb_664
NODE_183_length_24051_cov_205.863436	SRS1992958_vamb_664
NODE_182_length_24113_cov_4.957519	SRS1992958_vamb_18
NODE_185_length_23219_cov_157.250302	SRS1992958_vamb_664
NODE_184_length_23596_cov_4.716537	SRS1992958_vamb_18
NODE_187_length_22820_cov_130.384977	SRS1992958_vamb_664
NODE_189_length_22744_cov_141.401913	SRS1992958_vamb_664
NODE_188_length_22819_cov_143.575294	SRS1992958_vamb_664
NODE_190_length_22637_cov_111.628554	SRS1992958_vamb_664
NODE_192_length_22520_cov_170.167861	SRS1992958_vamb_664
NODE_194_length_22299_cov_132.645388	SRS1992958_vamb_664
NODE_195_length_22176_cov_107.182315	SRS1992958_vamb_664
NODE_191_length_22565_cov_4.651799	SRS1992958_vamb_18
NODE_193_length_22474_cov_4.407422	SRS1992958_vamb_18
NODE_197_length_22027_cov_85.243355	SRS1992958_vamb_664
NODE_198_length_21986_cov_118.366650	SRS1992958_vamb_664
NODE_186_length_22905_cov_74.532079	SRS1992958_vamb_615
NODE_200_length_21901_cov_143.587613	SRS1992958_vamb_664
NODE_201_length_21755_cov_55.496866	SRS1992958_vamb_2394
NODE_202_length_21736_cov_105.144597	SRS1992958_vamb_664
NODE_199_length_21972_cov_120.358261	SRS1992958_vamb_664
NODE_196_length_22072_cov_4.481355	SRS1992958_vamb_18
NODE_203_length_21569_cov_113.706563	SRS1992958_vamb_664
NODE_204_length_21488_cov_198.515327	SRS1992958_vamb_664
NODE_205_length_21455_cov_56.369907	SRS1992958_vamb_615
NODE_206_length_21356_cov_127.695930	SRS1992958_vamb_664
NODE_207_length_21342_cov_199.495561	SRS1992958_vamb_664
NODE_208_length_21065_cov_246.188101	SRS1992958_vamb_664
NODE_209_length_21031_cov_207.572225	SRS1992958_vamb_664
NODE_210_length_21026_cov_92.234085	SRS1992958_vamb_664
NODE_211_length_20977_cov_181.835341	SRS1992958_vamb_664
NODE_212_length_20952_cov_116.432981	SRS1992958_vamb_664
NODE_214_length_20870_cov_45.177901	SRS1992958_vamb_2394
NODE_215_length_20807_cov_111.163454	SRS1992958_vamb_664
NODE_216_length_20710_cov_235.606730	SRS1992958_vamb_2394
NODE_213_length_20907_cov_99.653894	SRS1992958_vamb_664
NODE_217_length_20649_cov_120.941925	SRS1992958_vamb_664
NODE_218_length_20599_cov_109.682146	SRS1992958_vamb_664
NODE_220_length_20404_cov_153.026291	SRS1992958_vamb_664
NODE_221_length_20327_cov_34.460142	SRS1992958_vamb_2394
NODE_224_length_20256_cov_113.611653	SRS1992958_vamb_664
NODE_219_length_20504_cov_8.186122	SRS1992958_vamb_18
NODE_223_length_20262_cov_7.743752	SRS1992958_vamb_18
NODE_222_length_20291_cov_4.569134	SRS1992958_vamb_18
NODE_226_length_19921_cov_101.210561	SRS1992958_vamb_664
NODE_227_length_19711_cov_141.459096	SRS1992958_vamb_664
NODE_228_length_19636_cov_109.845258	SRS1992958_vamb_664
NODE_229_length_19572_cov_200.984526	SRS1992958_vamb_664
NODE_230_length_19520_cov_77.363833	SRS1992958_vamb_664
NODE_225_length_19980_cov_4.331443	SRS1992958_vamb_18
NODE_231_length_19206_cov_109.066889	SRS1992958_vamb_664
NODE_232_length_19182_cov_79.545564	SRS1992958_vamb_664
NODE_233_length_19172_cov_88.507402	SRS1992958_vamb_664
NODE_234_length_19098_cov_23.544505	SRS1992958_vamb_370
NODE_235_length_19043_cov_111.278597	SRS1992958_vamb_664
NODE_236_length_19034_cov_78.822066	SRS1992958_vamb_664
NODE_237_length_18971_cov_124.977479	SRS1992958_vamb_664
NODE_238_length_18872_cov_248.236329	SRS1992958_vamb_615
NODE_239_length_18623_cov_108.897296	SRS1992958_vamb_664
NODE_240_length_18533_cov_138.214417	SRS1992958_vamb_664
NODE_241_length_18449_cov_108.254757	SRS1992958_vamb_664
NODE_242_length_18408_cov_138.673296	SRS1992958_vamb_664
NODE_243_length_18310_cov_120.272309	SRS1992958_vamb_664
NODE_244_length_18213_cov_170.869589	SRS1992958_vamb_664
NODE_245_length_18158_cov_216.333260	SRS1992958_vamb_664
NODE_246_length_17977_cov_154.224026	SRS1992958_vamb_664
NODE_247_length_17875_cov_4.991077	SRS1992958_vamb_18
NODE_248_length_17646_cov_153.486669	SRS1992958_vamb_664
NODE_251_length_17361_cov_5.366289	SRS1992958_vamb_18
NODE_249_length_17486_cov_187.580116	SRS1992958_vamb_664
NODE_250_length_17472_cov_37.178102	SRS1992958_vamb_2394
NODE_253_length_17317_cov_175.309118	SRS1992958_vamb_664
NODE_255_length_17302_cov_163.193483	SRS1992958_vamb_664
NODE_256_length_17169_cov_202.173542	SRS1992958_vamb_664
NODE_254_length_17309_cov_173.115683	SRS1992958_vamb_664
NODE_258_length_17006_cov_255.011917	SRS1992958_vamb_664
NODE_257_length_17044_cov_6.343928	SRS1992958_vamb_18
NODE_261_length_16818_cov_104.095090	SRS1992958_vamb_664
NODE_252_length_17322_cov_4.545318	SRS1992958_vamb_18
NODE_262_length_16615_cov_164.203563	SRS1992958_vamb_664
NODE_263_length_16599_cov_152.615812	SRS1992958_vamb_664
NODE_264_length_16561_cov_145.016418	SRS1992958_vamb_664
NODE_260_length_16835_cov_4.055900	SRS1992958_vamb_18
NODE_265_length_16399_cov_157.694934	SRS1992958_vamb_664
NODE_266_length_16349_cov_165.843869	SRS1992958_vamb_664
NODE_259_length_16916_cov_4.266592	SRS1992958_vamb_18
NODE_267_length_16318_cov_197.056017	SRS1992958_vamb_664
NODE_269_length_16245_cov_147.105744	SRS1992958_vamb_664
NODE_270_length_16235_cov_165.584116	SRS1992958_vamb_664
NODE_272_length_16075_cov_111.720911	SRS1992958_vamb_664
NODE_271_length_16101_cov_123.395114	SRS1992958_vamb_664
NODE_274_length_15935_cov_178.432683	SRS1992958_vamb_664
NODE_276_length_15848_cov_132.794846	SRS1992958_vamb_664
NODE_273_length_15972_cov_132.514293	SRS1992958_vamb_664
NODE_277_length_15812_cov_179.289395	SRS1992958_vamb_664
NODE_278_length_15792_cov_81.681642	SRS1992958_vamb_664
NODE_279_length_15775_cov_127.058079	SRS1992958_vamb_664
NODE_282_length_15636_cov_179.592517	SRS1992958_vamb_664
NODE_283_length_15550_cov_187.567086	SRS1992958_vamb_664
NODE_284_length_15528_cov_125.500808	SRS1992958_vamb_664
NODE_285_length_15457_cov_135.370082	SRS1992958_vamb_664
NODE_286_length_15448_cov_147.044761	SRS1992958_vamb_664
NODE_287_length_15400_cov_133.617595	SRS1992958_vamb_664
NODE_288_length_15305_cov_210.916656	SRS1992958_vamb_664
NODE_289_length_15108_cov_100.126553	SRS1992958_vamb_664
NODE_290_length_15051_cov_151.345025	SRS1992958_vamb_664
NODE_291_length_15045_cov_19.606805	SRS1992958_vamb_664
NODE_292_length_14992_cov_171.426257	SRS1992958_vamb_664
NODE_293_length_14900_cov_144.418457	SRS1992958_vamb_664
NODE_295_length_14752_cov_149.359393	SRS1992958_vamb_664
NODE_297_length_14369_cov_39.484840	SRS1992958_vamb_2394
NODE_298_length_14354_cov_137.998322	SRS1992958_vamb_664
NODE_299_length_14310_cov_183.132445	SRS1992958_vamb_664
NODE_301_length_14115_cov_138.726458	SRS1992958_vamb_664
NODE_303_length_14075_cov_104.154850	SRS1992958_vamb_664
NODE_304_length_14063_cov_125.906125	SRS1992958_vamb_664
NODE_305_length_14059_cov_117.646173	SRS1992958_vamb_664
NODE_306_length_14045_cov_217.595211	SRS1992958_vamb_664
NODE_307_length_14008_cov_70.222031	SRS1992958_vamb_664
NODE_310_length_13974_cov_240.332998	SRS1992958_vamb_664
NODE_311_length_13916_cov_8.897410	SRS1992958_vamb_1046
NODE_312_length_13861_cov_54.428509	SRS1992958_vamb_2394
NODE_313_length_13853_cov_7.737426	SRS1992958_vamb_664
NODE_314_length_13600_cov_133.271908	SRS1992958_vamb_664
NODE_315_length_13548_cov_134.975543	SRS1992958_vamb_664
NODE_316_length_13539_cov_128.746663	SRS1992958_vamb_664
NODE_318_length_13307_cov_187.062330	SRS1992958_vamb_664
NODE_320_length_13246_cov_155.807141	SRS1992958_vamb_664
NODE_321_length_13232_cov_38.426577	SRS1992958_vamb_2394
NODE_317_length_13492_cov_115.092059	SRS1992958_vamb_664
NODE_323_length_13181_cov_126.062319	SRS1992958_vamb_664
NODE_324_length_13178_cov_77.854225	SRS1992958_vamb_664
NODE_325_length_13161_cov_99.744087	SRS1992958_vamb_664
NODE_328_length_12905_cov_160.347782	SRS1992958_vamb_664
NODE_329_length_12870_cov_74.149980	SRS1992958_vamb_664
NODE_330_length_12842_cov_150.076562	SRS1992958_vamb_664
NODE_327_length_12913_cov_24.772204	SRS1992958_vamb_370
NODE_334_length_12485_cov_52.537651	SRS1992958_vamb_2394
NODE_337_length_12424_cov_142.198723	SRS1992958_vamb_664
NODE_339_length_12391_cov_91.771077	SRS1992958_vamb_664
NODE_340_length_12377_cov_73.608992	SRS1992958_vamb_664
NODE_341_length_12375_cov_157.624351	SRS1992958_vamb_664
NODE_342_length_12311_cov_162.795937	SRS1992958_vamb_664
NODE_336_length_12445_cov_164.367232	SRS1992958_vamb_664
NODE_343_length_12280_cov_92.692924	SRS1992958_vamb_664
NODE_345_length_12245_cov_136.411075	SRS1992958_vamb_664
NODE_346_length_12193_cov_100.924123	SRS1992958_vamb_664
NODE_351_length_11863_cov_200.140075	SRS1992958_vamb_664
NODE_352_length_11861_cov_117.607318	SRS1992958_vamb_664
NODE_353_length_11826_cov_183.875627	SRS1992958_vamb_664
NODE_354_length_11813_cov_112.929835	SRS1992958_vamb_664
NODE_358_length_11670_cov_226.266810	SRS1992958_vamb_664
NODE_348_length_11950_cov_40.056747	SRS1992958_vamb_2394
NODE_359_length_11568_cov_105.490923	SRS1992958_vamb_664
NODE_360_length_11539_cov_171.945402	SRS1992958_vamb_664
NODE_362_length_11501_cov_195.087541	SRS1992958_vamb_664
NODE_363_length_11407_cov_136.783739	SRS1992958_vamb_664
NODE_355_length_11803_cov_6.507065	SRS1992958_vamb_1046
NODE_365_length_11338_cov_179.602233	SRS1992958_vamb_664
NODE_366_length_11291_cov_109.733446	SRS1992958_vamb_664
NODE_368_length_11250_cov_179.561233	SRS1992958_vamb_664
NODE_369_length_11230_cov_130.236868	SRS1992958_vamb_664
NODE_372_length_11155_cov_122.507297	SRS1992958_vamb_664
NODE_373_length_11132_cov_162.281665	SRS1992958_vamb_664
NODE_370_length_11199_cov_7.240668	SRS1992958_vamb_664
NODE_377_length_10838_cov_170.488825	SRS1992958_vamb_664
NODE_378_length_10833_cov_154.537855	SRS1992958_vamb_664
NODE_376_length_10935_cov_182.386029	SRS1992958_vamb_664
NODE_383_length_10670_cov_65.911258	SRS1992958_vamb_664
NODE_384_length_10596_cov_185.971729	SRS1992958_vamb_664
NODE_385_length_10560_cov_133.233508	SRS1992958_vamb_664
NODE_386_length_10548_cov_109.533784	SRS1992958_vamb_664
NODE_387_length_10467_cov_126.091913	SRS1992958_vamb_664
NODE_389_length_10439_cov_46.059900	SRS1992958_vamb_615
NODE_391_length_10247_cov_49.556319	SRS1992958_vamb_2394
NODE_392_length_10200_cov_189.972696	SRS1992958_vamb_664
NODE_394_length_10154_cov_125.621052	SRS1992958_vamb_664
NODE_395_length_10143_cov_163.488699	SRS1992958_vamb_664
NODE_396_length_10135_cov_8.472817	SRS1992958_vamb_1046
NODE_397_length_10098_cov_42.878622	SRS1992958_vamb_370
NODE_400_length_10042_cov_76.268048	SRS1992958_vamb_664
NODE_403_length_9972_cov_105.872340	SRS1992958_vamb_664
NODE_404_length_9970_cov_44.839435	SRS1992958_vamb_2394
NODE_405_length_9964_cov_58.985771	SRS1992958_vamb_2394
NODE_407_length_9938_cov_144.643023	SRS1992958_vamb_664
NODE_398_length_10097_cov_299.240390	SRS1992958_vamb_664
NODE_408_length_9933_cov_186.258757	SRS1992958_vamb_664
NODE_409_length_9933_cov_147.092326	SRS1992958_vamb_664
NODE_411_length_9810_cov_86.843772	SRS1992958_vamb_664
NODE_416_length_9616_cov_249.589478	SRS1992958_vamb_664
NODE_413_length_9739_cov_110.220880	SRS1992958_vamb_664
NODE_420_length_9542_cov_125.724887	SRS1992958_vamb_664
NODE_422_length_9522_cov_124.221506	SRS1992958_vamb_664
NODE_423_length_9479_cov_37.607916	SRS1992958_vamb_2394
NODE_424_length_9475_cov_192.505096	SRS1992958_vamb_664
NODE_425_length_9421_cov_148.383408	SRS1992958_vamb_664
NODE_427_length_9389_cov_103.255625	SRS1992958_vamb_664
NODE_428_length_9372_cov_102.066438	SRS1992958_vamb_664
NODE_430_length_9327_cov_76.299827	SRS1992958_vamb_615
NODE_419_length_9548_cov_174.446645	SRS1992958_vamb_664
NODE_431_length_9249_cov_171.771590	SRS1992958_vamb_664
NODE_434_length_9167_cov_7.139047	SRS1992958_vamb_664
NODE_436_length_9159_cov_184.000220	SRS1992958_vamb_664
NODE_439_length_9070_cov_121.064115	SRS1992958_vamb_664
NODE_441_length_9057_cov_150.169074	SRS1992958_vamb_664
NODE_426_length_9407_cov_61.254170	SRS1992958_vamb_370
NODE_442_length_9012_cov_121.419560	SRS1992958_vamb_664
NODE_443_length_8970_cov_108.441167	SRS1992958_vamb_664
NODE_444_length_8935_cov_104.672297	SRS1992958_vamb_664
NODE_447_length_8910_cov_142.912592	SRS1992958_vamb_664
NODE_451_length_8818_cov_525.813192	SRS1992958_vamb_664
NODE_450_length_8821_cov_6.997490	SRS1992958_vamb_1046
NODE_453_length_8788_cov_144.077408	SRS1992958_vamb_664
NODE_454_length_8750_cov_111.256354	SRS1992958_vamb_664
NODE_445_length_8924_cov_5.273763	SRS1992958_vamb_664
NODE_449_length_8831_cov_61.516864	SRS1992958_vamb_615
NODE_457_length_8561_cov_18.895956	SRS1992958_vamb_664
NODE_463_length_8502_cov_153.888600	SRS1992958_vamb_664
NODE_465_length_8488_cov_106.104589	SRS1992958_vamb_664
NODE_466_length_8481_cov_198.074769	SRS1992958_vamb_664
NODE_468_length_8444_cov_141.972702	SRS1992958_vamb_664
NODE_469_length_8439_cov_145.697758	SRS1992958_vamb_664
NODE_462_length_8533_cov_170.626445	SRS1992958_vamb_664
NODE_471_length_8374_cov_92.658493	SRS1992958_vamb_664
NODE_474_length_8285_cov_72.730863	SRS1992958_vamb_664
NODE_475_length_8279_cov_167.966804	SRS1992958_vamb_664
NODE_476_length_8269_cov_133.754931	SRS1992958_vamb_664
NODE_477_length_8236_cov_147.602127	SRS1992958_vamb_664
NODE_479_length_8184_cov_150.432772	SRS1992958_vamb_664
NODE_480_length_8173_cov_109.518231	SRS1992958_vamb_664
NODE_481_length_8173_cov_47.490761	SRS1992958_vamb_2394
NODE_488_length_8040_cov_142.213776	SRS1992958_vamb_664
NODE_487_length_8040_cov_143.162930	SRS1992958_vamb_664
NODE_490_length_8024_cov_157.304053	SRS1992958_vamb_664
NODE_491_length_7995_cov_162.687657	SRS1992958_vamb_664
NODE_493_length_7992_cov_130.204107	SRS1992958_vamb_664
NODE_484_length_8101_cov_155.300771	SRS1992958_vamb_664
NODE_496_length_7914_cov_129.239980	SRS1992958_vamb_664
NODE_498_length_7872_cov_181.321991	SRS1992958_vamb_664
NODE_500_length_7849_cov_116.224660	SRS1992958_vamb_664
NODE_503_length_7771_cov_137.166019	SRS1992958_vamb_664
NODE_504_length_7770_cov_234.031497	SRS1992958_vamb_664
NODE_497_length_7896_cov_4.536921	SRS1992958_vamb_18
NODE_507_length_7743_cov_117.895552	SRS1992958_vamb_664
NODE_508_length_7707_cov_144.303581	SRS1992958_vamb_664
NODE_509_length_7690_cov_134.122855	SRS1992958_vamb_664
NODE_510_length_7679_cov_200.499213	SRS1992958_vamb_664
NODE_502_length_7772_cov_4.674226	SRS1992958_vamb_664
NODE_512_length_7638_cov_117.696558	SRS1992958_vamb_664
NODE_514_length_7602_cov_196.598781	SRS1992958_vamb_664
NODE_516_length_7596_cov_179.070548	SRS1992958_vamb_664
NODE_519_length_7589_cov_137.709318	SRS1992958_vamb_664
NODE_511_length_7674_cov_7.159863	SRS1992958_vamb_664
NODE_506_length_7751_cov_4.642542	SRS1992958_vamb_1046
NODE_521_length_7510_cov_204.686787	SRS1992958_vamb_664
NODE_522_length_7504_cov_204.994362	SRS1992958_vamb_664
NODE_524_length_7477_cov_19.938022	SRS1992958_vamb_370
NODE_526_length_7360_cov_27.880493	SRS1992958_vamb_370
NODE_525_length_7362_cov_8.006980	SRS1992958_vamb_664
NODE_532_length_7292_cov_135.884344	SRS1992958_vamb_664
NODE_534_length_7259_cov_76.941005	SRS1992958_vamb_664
NODE_535_length_7248_cov_97.469067	SRS1992958_vamb_664
NODE_478_length_8192_cov_263.613248	SRS1992958_vamb_664
NODE_527_length_7336_cov_6.197500	SRS1992958_vamb_664
NODE_540_length_7162_cov_174.188969	SRS1992958_vamb_664
NODE_542_length_7157_cov_149.863841	SRS1992958_vamb_664
NODE_543_length_7155_cov_49.088169	SRS1992958_vamb_2394
NODE_548_length_7098_cov_144.334801	SRS1992958_vamb_664
NODE_547_length_7100_cov_4.818027	SRS1992958_vamb_18
NODE_550_length_7016_cov_178.690274	SRS1992958_vamb_664
NODE_552_length_6959_cov_186.999855	SRS1992958_vamb_664
NODE_549_length_7085_cov_134.071693	SRS1992958_vamb_664
NODE_555_length_6930_cov_225.349236	SRS1992958_vamb_664
NODE_556_length_6905_cov_96.489197	SRS1992958_vamb_664
NODE_557_length_6898_cov_127.824931	SRS1992958_vamb_664
NODE_558_length_6884_cov_97.276761	SRS1992958_vamb_664
NODE_559_length_6862_cov_154.219333	SRS1992958_vamb_664
NODE_560_length_6859_cov_142.927249	SRS1992958_vamb_664
NODE_561_length_6841_cov_161.290598	SRS1992958_vamb_664
NODE_563_length_6806_cov_210.236113	SRS1992958_vamb_664
NODE_564_length_6786_cov_152.970435	SRS1992958_vamb_664
NODE_565_length_6769_cov_107.662496	SRS1992958_vamb_664
NODE_566_length_6756_cov_127.246680	SRS1992958_vamb_664
NODE_554_length_6945_cov_3.952685	SRS1992958_vamb_664
NODE_567_length_6742_cov_123.716465	SRS1992958_vamb_664
NODE_572_length_6648_cov_193.196420	SRS1992958_vamb_664
NODE_575_length_6597_cov_103.807551	SRS1992958_vamb_664
NODE_576_length_6589_cov_122.617845	SRS1992958_vamb_664
NODE_580_length_6572_cov_148.403406	SRS1992958_vamb_664
NODE_583_length_6538_cov_108.905137	SRS1992958_vamb_664
NODE_587_length_6483_cov_116.561139	SRS1992958_vamb_664
NODE_590_length_6466_cov_93.614101	SRS1992958_vamb_664
NODE_589_length_6466_cov_213.870691	SRS1992958_vamb_664
NODE_591_length_6456_cov_216.329324	SRS1992958_vamb_664
NODE_593_length_6422_cov_153.842626	SRS1992958_vamb_664
NODE_594_length_6401_cov_92.639931	SRS1992958_vamb_664
NODE_595_length_6367_cov_161.539290	SRS1992958_vamb_664
NODE_598_length_6343_cov_67.898537	SRS1992958_vamb_664
NODE_600_length_6311_cov_164.346228	SRS1992958_vamb_664
NODE_601_length_6306_cov_84.287474	SRS1992958_vamb_664
NODE_586_length_6490_cov_337.043978	SRS1992958_vamb_664
NODE_604_length_6224_cov_10.472524	SRS1992958_vamb_664
NODE_606_length_6222_cov_157.870602	SRS1992958_vamb_664
NODE_607_length_6216_cov_111.153384	SRS1992958_vamb_664
NODE_609_length_6207_cov_138.656860	SRS1992958_vamb_664
NODE_610_length_6200_cov_173.606672	SRS1992958_vamb_664
NODE_616_length_6135_cov_85.470066	SRS1992958_vamb_664
NODE_617_length_6105_cov_139.990579	SRS1992958_vamb_664
NODE_619_length_6085_cov_210.002985	SRS1992958_vamb_664
NODE_620_length_6082_cov_204.774183	SRS1992958_vamb_664
NODE_613_length_6153_cov_9.995408	SRS1992958_vamb_664
NODE_621_length_6054_cov_167.133356	SRS1992958_vamb_615
NODE_627_length_5977_cov_136.327423	SRS1992958_vamb_664
NODE_628_length_5966_cov_15.134833	SRS1992958_vamb_664
NODE_629_length_5958_cov_201.370490	SRS1992958_vamb_664
NODE_632_length_5915_cov_132.533959	SRS1992958_vamb_664
NODE_635_length_5906_cov_194.045975	SRS1992958_vamb_664
NODE_618_length_6091_cov_4.622763	SRS1992958_vamb_664
NODE_644_length_5859_cov_40.456065	SRS1992958_vamb_2394
NODE_645_length_5818_cov_151.111400	SRS1992958_vamb_664
NODE_647_length_5812_cov_153.814660	SRS1992958_vamb_664
NODE_652_length_5768_cov_112.831437	SRS1992958_vamb_664
NODE_651_length_5770_cov_21.184077	SRS1992958_vamb_370
NODE_653_length_5751_cov_17.526861	SRS1992958_vamb_664
NODE_658_length_5711_cov_87.275813	SRS1992958_vamb_664
NODE_668_length_5591_cov_95.457912	SRS1992958_vamb_664
NODE_669_length_5591_cov_93.908779	SRS1992958_vamb_664
NODE_671_length_5573_cov_244.985140	SRS1992958_vamb_664
NODE_661_length_5691_cov_4.560326	SRS1992958_vamb_664
NODE_672_length_5554_cov_146.738862	SRS1992958_vamb_664
NODE_673_length_5540_cov_144.975387	SRS1992958_vamb_664
NODE_675_length_5520_cov_33.325160	SRS1992958_vamb_370
NODE_666_length_5621_cov_157.950593	SRS1992958_vamb_664
NODE_680_length_5484_cov_166.649843	SRS1992958_vamb_664
NODE_683_length_5463_cov_194.104475	SRS1992958_vamb_664
NODE_684_length_5454_cov_143.630672	SRS1992958_vamb_664
NODE_690_length_5378_cov_191.291189	SRS1992958_vamb_664
NODE_695_length_5303_cov_6.900915	SRS1992958_vamb_1046
NODE_689_length_5381_cov_22.056703	SRS1992958_vamb_1046
NODE_699_length_5213_cov_87.658589	SRS1992958_vamb_664
NODE_701_length_5199_cov_21.280910	SRS1992958_vamb_370
NODE_694_length_5343_cov_159.983359	SRS1992958_vamb_664
NODE_702_length_5174_cov_119.669271	SRS1992958_vamb_664
NODE_703_length_5172_cov_92.953293	SRS1992958_vamb_664
NODE_713_length_5100_cov_113.321903	SRS1992958_vamb_664
NODE_716_length_5085_cov_138.129026	SRS1992958_vamb_664
NODE_710_length_5115_cov_3.987945	SRS1992958_vamb_664
NODE_718_length_5062_cov_166.456960	SRS1992958_vamb_664
NODE_719_length_5037_cov_170.031313	SRS1992958_vamb_664
NODE_706_length_5131_cov_5.784279	SRS1992958_vamb_664
NODE_726_length_4971_cov_21.333808	SRS1992958_vamb_664
NODE_728_length_4930_cov_183.589949	SRS1992958_vamb_664
NODE_727_length_4964_cov_4.163985	SRS1992958_vamb_370
NODE_732_length_4893_cov_142.703597	SRS1992958_vamb_664
NODE_735_length_4858_cov_58.886737	SRS1992958_vamb_2394
NODE_738_length_4833_cov_701.241314	SRS1992958_vamb_664
NODE_435_length_9160_cov_372.895552	SRS1992958_vamb_664
NODE_740_length_4822_cov_176.655549	SRS1992958_vamb_664
NODE_741_length_4817_cov_112.177236	SRS1992958_vamb_664
NODE_733_length_4878_cov_11.681733	SRS1992958_vamb_2394
NODE_745_length_4786_cov_100.810611	SRS1992958_vamb_664
NODE_742_length_4792_cov_66.659067	SRS1992958_vamb_615
NODE_750_length_4708_cov_182.902214	SRS1992958_vamb_615
NODE_753_length_4686_cov_93.420428	SRS1992958_vamb_664
NODE_749_length_4715_cov_22.084549	SRS1992958_vamb_370
NODE_757_length_4649_cov_121.996953	SRS1992958_vamb_664
NODE_758_length_4643_cov_85.070619	SRS1992958_vamb_664
NODE_763_length_4594_cov_121.460234	SRS1992958_vamb_664
NODE_766_length_4562_cov_181.774129	SRS1992958_vamb_664
NODE_752_length_4687_cov_7.332686	SRS1992958_vamb_664
NODE_771_length_4548_cov_113.306254	SRS1992958_vamb_664
NODE_775_length_4522_cov_641.888292	SRS1992958_vamb_664
NODE_780_length_4474_cov_27.824847	SRS1992958_vamb_370
NODE_783_length_4459_cov_346.899637	SRS1992958_vamb_664
NODE_788_length_4435_cov_149.184475	SRS1992958_vamb_664
NODE_785_length_4446_cov_4.726941	SRS1992958_vamb_664
NODE_797_length_4351_cov_24.051210	SRS1992958_vamb_370
NODE_801_length_4343_cov_160.471782	SRS1992958_vamb_664
NODE_808_length_4313_cov_123.055425	SRS1992958_vamb_664
NODE_810_length_4307_cov_1565.138993	SRS1992958_vamb_2394
NODE_812_length_4286_cov_6.544552	SRS1992958_vamb_1046
NODE_825_length_4213_cov_135.848004	SRS1992958_vamb_664
NODE_830_length_4189_cov_14.784228	SRS1992958_vamb_1046
NODE_832_length_4175_cov_205.792718	SRS1992958_vamb_664
NODE_841_length_4133_cov_73.995096	SRS1992958_vamb_2394
NODE_852_length_4100_cov_204.199506	SRS1992958_vamb_664
NODE_855_length_4087_cov_91.711558	SRS1992958_vamb_664
NODE_856_length_4083_cov_23.569762	SRS1992958_vamb_370
NODE_858_length_4069_cov_152.743647	SRS1992958_vamb_664
NODE_836_length_4166_cov_4.062272	SRS1992958_vamb_664
NODE_851_length_4103_cov_10.681324	SRS1992958_vamb_1046
NODE_870_length_3996_cov_135.225577	SRS1992958_vamb_664
NODE_874_length_3984_cov_38.180708	SRS1992958_vamb_370
NODE_882_length_3958_cov_226.519344	SRS1992958_vamb_664
NODE_880_length_3959_cov_5.003074	SRS1992958_vamb_664
NODE_886_length_3950_cov_126.864955	SRS1992958_vamb_664
NODE_887_length_3950_cov_31.991271	SRS1992958_vamb_370
NODE_895_length_3927_cov_14.872417	SRS1992958_vamb_2394
NODE_898_length_3917_cov_4.680735	SRS1992958_vamb_664
NODE_888_length_3944_cov_184.638725	SRS1992958_vamb_664
NODE_902_length_3884_cov_140.928963	SRS1992958_vamb_664
NODE_905_length_3874_cov_208.864101	SRS1992958_vamb_664
NODE_861_length_4047_cov_3.935872	SRS1992958_vamb_664
NODE_908_length_3860_cov_178.455453	SRS1992958_vamb_664
NODE_909_length_3859_cov_136.675079	SRS1992958_vamb_664
NODE_912_length_3851_cov_650.542940	SRS1992958_vamb_664
NODE_913_length_3843_cov_66.480465	SRS1992958_vamb_664
NODE_914_length_3836_cov_112.827559	SRS1992958_vamb_664
NODE_918_length_3802_cov_222.730718	SRS1992958_vamb_664
NODE_925_length_3742_cov_181.263900	SRS1992958_vamb_664
NODE_934_length_3709_cov_16.741379	SRS1992958_vamb_370
NODE_937_length_3690_cov_81.086933	SRS1992958_vamb_664
NODE_938_length_3689_cov_152.484865	SRS1992958_vamb_664
NODE_941_length_3682_cov_77.747174	SRS1992958_vamb_664
NODE_948_length_3666_cov_17.865965	SRS1992958_vamb_664
NODE_952_length_3639_cov_117.383371	SRS1992958_vamb_664
NODE_958_length_3627_cov_75.635218	SRS1992958_vamb_664
NODE_963_length_3580_cov_113.708652	SRS1992958_vamb_664
NODE_964_length_3573_cov_5.588687	SRS1992958_vamb_664
NODE_965_length_3571_cov_138.351820	SRS1992958_vamb_664
NODE_966_length_3569_cov_24.831816	SRS1992958_vamb_370
NODE_957_length_3631_cov_4.894016	SRS1992958_vamb_664
NODE_967_length_3565_cov_24.295157	SRS1992958_vamb_370
NODE_950_length_3654_cov_4.037233	SRS1992958_vamb_664
NODE_987_length_3510_cov_88.050651	SRS1992958_vamb_664
NODE_999_length_3460_cov_102.827019	SRS1992958_vamb_664
NODE_1008_length_3432_cov_98.585727	SRS1992958_vamb_664
NODE_1009_length_3431_cov_23.684242	SRS1992958_vamb_2394
NODE_1010_length_3428_cov_187.689594	SRS1992958_vamb_664
NODE_1013_length_3411_cov_128.289631	SRS1992958_vamb_664
NODE_1015_length_3407_cov_102.675119	SRS1992958_vamb_664
NODE_1017_length_3403_cov_233.052569	SRS1992958_vamb_664
NODE_1019_length_3394_cov_70.942498	SRS1992958_vamb_664
NODE_1024_length_3372_cov_103.984625	SRS1992958_vamb_664
NODE_1029_length_3348_cov_21.996052	SRS1992958_vamb_664
NODE_1018_length_3399_cov_6.534988	SRS1992958_vamb_1046
NODE_1050_length_3281_cov_214.707688	SRS1992958_vamb_664
NODE_1056_length_3262_cov_113.588089	SRS1992958_vamb_664
NODE_1057_length_3256_cov_35.383005	SRS1992958_vamb_370
NODE_1063_length_3253_cov_93.888680	SRS1992958_vamb_664
NODE_1066_length_3242_cov_1629.330405	SRS1992958_vamb_370
NODE_1072_length_3213_cov_199.798923	SRS1992958_vamb_664
NODE_1074_length_3211_cov_140.517110	SRS1992958_vamb_664
NODE_1076_length_3206_cov_178.490003	SRS1992958_vamb_664
NODE_1080_length_3190_cov_3.114514	SRS1992958_vamb_664
NODE_1085_length_3182_cov_8.828270	SRS1992958_vamb_1046
NODE_1087_length_3179_cov_134.088348	SRS1992958_vamb_664
NODE_1089_length_3175_cov_98.054167	SRS1992958_vamb_1046
NODE_1039_length_3303_cov_4.484606	SRS1992958_vamb_664
NODE_1095_length_3165_cov_207.366559	SRS1992958_vamb_664
NODE_1097_length_3161_cov_89.571153	SRS1992958_vamb_664
NODE_1098_length_3158_cov_131.837577	SRS1992958_vamb_664
NODE_1100_length_3157_cov_5.150548	SRS1992958_vamb_664
NODE_1107_length_3146_cov_240.659010	SRS1992958_vamb_664
NODE_1114_length_3129_cov_115.520494	SRS1992958_vamb_615
NODE_1118_length_3120_cov_236.640457	SRS1992958_vamb_664
NODE_1120_length_3119_cov_4.499347	SRS1992958_vamb_664
NODE_1127_length_3104_cov_171.130207	SRS1992958_vamb_664
NODE_1130_length_3095_cov_25.736184	SRS1992958_vamb_370
NODE_1132_length_3092_cov_37.141258	SRS1992958_vamb_615
NODE_1135_length_3080_cov_96.052562	SRS1992958_vamb_664
NODE_1140_length_3060_cov_124.130782	SRS1992958_vamb_664
NODE_711_length_5112_cov_688.371960	SRS1992958_vamb_664
NODE_1149_length_3029_cov_214.229321	SRS1992958_vamb_664
NODE_1153_length_2992_cov_139.939394	SRS1992958_vamb_664
NODE_1170_length_2946_cov_161.639225	SRS1992958_vamb_664
NODE_1173_length_2944_cov_41.036691	SRS1992958_vamb_664
NODE_1159_length_2976_cov_102.061280	SRS1992958_vamb_615
NODE_1181_length_2910_cov_12.183538	SRS1992958_vamb_664
NODE_1200_length_2860_cov_6.161854	SRS1992958_vamb_664
NODE_1207_length_2842_cov_243.368497	SRS1992958_vamb_664
NODE_1209_length_2838_cov_73.090909	SRS1992958_vamb_664
NODE_1184_length_2902_cov_20.823323	SRS1992958_vamb_370
NODE_1216_length_2815_cov_34.331159	SRS1992958_vamb_370
NODE_1217_length_2805_cov_9.861091	SRS1992958_vamb_664
NODE_1221_length_2791_cov_46.906433	SRS1992958_vamb_2394
NODE_1224_length_2783_cov_120.499267	SRS1992958_vamb_664
NODE_1229_length_2765_cov_746.664945	SRS1992958_vamb_664
NODE_1157_length_2985_cov_3.260068	SRS1992958_vamb_2394
NODE_1245_length_2712_cov_105.314264	SRS1992958_vamb_664
NODE_1254_length_2696_cov_135.435062	SRS1992958_vamb_664
NODE_1258_length_2679_cov_126.649771	SRS1992958_vamb_664
NODE_1260_length_2678_cov_252.786885	SRS1992958_vamb_664
NODE_1262_length_2669_cov_125.884086	SRS1992958_vamb_664
NODE_1265_length_2658_cov_108.819823	SRS1992958_vamb_664
NODE_1267_length_2656_cov_99.103422	SRS1992958_vamb_664
NODE_1269_length_2652_cov_164.460916	SRS1992958_vamb_664
NODE_1268_length_2654_cov_42.070027	SRS1992958_vamb_615
NODE_1280_length_2635_cov_165.810465	SRS1992958_vamb_664
NODE_1281_length_2632_cov_49.387660	SRS1992958_vamb_664
NODE_1296_length_2600_cov_170.084086	SRS1992958_vamb_664
NODE_1308_length_2574_cov_238.330687	SRS1992958_vamb_664
NODE_1319_length_2548_cov_85.460088	SRS1992958_vamb_664
NODE_1327_length_2541_cov_177.747385	SRS1992958_vamb_664
NODE_1312_length_2562_cov_219.980854	SRS1992958_vamb_615
NODE_1338_length_2513_cov_5.751424	SRS1992958_vamb_664
NODE_1313_length_2558_cov_5.310028	SRS1992958_vamb_1046
NODE_1346_length_2499_cov_41.360884	SRS1992958_vamb_664
NODE_1352_length_2484_cov_94.059284	SRS1992958_vamb_664
NODE_1361_length_2462_cov_13.424595	SRS1992958_vamb_664
NODE_1372_length_2445_cov_92.557322	SRS1992958_vamb_664
NODE_1375_length_2431_cov_39.979798	SRS1992958_vamb_370
NODE_1378_length_2427_cov_221.443086	SRS1992958_vamb_664
NODE_1330_length_2531_cov_4.170840	SRS1992958_vamb_664
NODE_1389_length_2403_cov_99.856474	SRS1992958_vamb_664
NODE_1395_length_2386_cov_83.088374	SRS1992958_vamb_664
NODE_1404_length_2356_cov_279.311604	SRS1992958_vamb_664
NODE_1405_length_2356_cov_236.908735	SRS1992958_vamb_664
NODE_799_length_4347_cov_72.154939	SRS1992958_vamb_664
NODE_1414_length_2341_cov_88.074366	SRS1992958_vamb_664
NODE_1437_length_2283_cov_211.937612	SRS1992958_vamb_664
NODE_1441_length_2278_cov_50.909582	SRS1992958_vamb_2394
NODE_1443_length_2277_cov_22.758326	SRS1992958_vamb_370
NODE_1450_length_2264_cov_119.801268	SRS1992958_vamb_664
NODE_1460_length_2255_cov_133.439545	SRS1992958_vamb_664
NODE_1463_length_2252_cov_5.478380	SRS1992958_vamb_664
NODE_1468_length_2248_cov_76.461924	SRS1992958_vamb_664
NODE_1467_length_2248_cov_206.641131	SRS1992958_vamb_615
NODE_1458_length_2256_cov_39.333485	SRS1992958_vamb_370
NODE_1478_length_2222_cov_262.754038	SRS1992958_vamb_370
NODE_1479_length_2222_cov_108.713890	SRS1992958_vamb_664
NODE_1487_length_2213_cov_4.658017	SRS1992958_vamb_2394
NODE_1493_length_2206_cov_92.909809	SRS1992958_vamb_664
NODE_1496_length_2202_cov_133.088496	SRS1992958_vamb_664
NODE_1485_length_2216_cov_8.560851	SRS1992958_vamb_664
NODE_1501_length_2194_cov_1522.478728	SRS1992958_vamb_664
NODE_1512_length_2183_cov_7.810150	SRS1992958_vamb_664
NODE_1519_length_2163_cov_16.694972	SRS1992958_vamb_664
NODE_1531_length_2139_cov_122.633397	SRS1992958_vamb_664
NODE_1538_length_2128_cov_6.045827	SRS1992958_vamb_664
NODE_1544_length_2117_cov_90.131426	SRS1992958_vamb_664
NODE_1554_length_2096_cov_247.742773	SRS1992958_vamb_664
NODE_1558_length_2093_cov_146.968106	SRS1992958_vamb_664
NODE_1559_length_2091_cov_153.174853	SRS1992958_vamb_664
NODE_1570_length_2075_cov_308.142079	SRS1992958_vamb_664
NODE_1575_length_2068_cov_7.156980	SRS1992958_vamb_664
NODE_1576_length_2067_cov_43.028827	SRS1992958_vamb_664
NODE_1582_length_2059_cov_1693.163673	SRS1992958_vamb_664
NODE_1589_length_2048_cov_248.440542	SRS1992958_vamb_664
NODE_1590_length_2048_cov_30.605118	SRS1992958_vamb_664
NODE_1646_length_1965_cov_3.981675	SRS1992958_vamb_664
NODE_1619_length_2011_cov_102.797035	SRS1992958_vamb_664
NODE_1623_length_2003_cov_78.504107	SRS1992958_vamb_664
NODE_1611_length_2023_cov_155.548780	SRS1992958_vamb_664
NODE_1625_length_1996_cov_223.733127	SRS1992958_vamb_664
NODE_1628_length_1992_cov_290.099639	SRS1992958_vamb_664
NODE_1633_length_1984_cov_9.496112	SRS1992958_vamb_664
NODE_1656_length_1953_cov_119.754478	SRS1992958_vamb_664
NODE_1659_length_1948_cov_136.231907	SRS1992958_vamb_664
NODE_1675_length_1933_cov_135.597977	SRS1992958_vamb_664
NODE_1686_length_1904_cov_23.012439	SRS1992958_vamb_370
NODE_1703_length_1878_cov_99.079539	SRS1992958_vamb_664
NODE_1708_length_1874_cov_7.115448	SRS1992958_vamb_664
NODE_1709_length_1873_cov_26.920242	SRS1992958_vamb_370
NODE_1716_length_1868_cov_22.976282	SRS1992958_vamb_664
NODE_1726_length_1855_cov_8.528889	SRS1992958_vamb_664
NODE_1727_length_1854_cov_121.426348	SRS1992958_vamb_664
NODE_1747_length_1831_cov_4.552365	SRS1992958_vamb_664
NODE_1765_length_1812_cov_168.113261	SRS1992958_vamb_664
NODE_1768_length_1809_cov_269.297605	SRS1992958_vamb_664
NODE_1769_length_1808_cov_11.512265	SRS1992958_vamb_664
NODE_1773_length_1801_cov_47.493700	SRS1992958_vamb_664
NODE_1782_length_1798_cov_100.924842	SRS1992958_vamb_664
NODE_1781_length_1798_cov_107.338497	SRS1992958_vamb_664
NODE_1783_length_1795_cov_13.628161	SRS1992958_vamb_664
NODE_1792_length_1788_cov_5.652626	SRS1992958_vamb_664
NODE_1812_length_1761_cov_257.393318	SRS1992958_vamb_370
NODE_1819_length_1755_cov_112.630588	SRS1992958_vamb_664
NODE_1823_length_1751_cov_28.185731	SRS1992958_vamb_370
NODE_1832_length_1743_cov_165.241706	SRS1992958_vamb_664
NODE_1842_length_1731_cov_116.855012	SRS1992958_vamb_664
NODE_1849_length_1723_cov_42.927458	SRS1992958_vamb_615
NODE_1858_length_1710_cov_455.851360	SRS1992958_vamb_664
NODE_1873_length_1703_cov_13.097694	SRS1992958_vamb_664
NODE_1878_length_1700_cov_102.375684	SRS1992958_vamb_664
NODE_1921_length_1665_cov_80.467081	SRS1992958_vamb_664
NODE_1925_length_1657_cov_533.587391	SRS1992958_vamb_664
NODE_1936_length_1646_cov_126.407291	SRS1992958_vamb_664
NODE_1939_length_1642_cov_2.647763	SRS1992958_vamb_664
NODE_1887_length_1695_cov_3.625000	SRS1992958_vamb_664
NODE_1889_length_1694_cov_3.657718	SRS1992958_vamb_664
NODE_1951_length_1629_cov_170.536849	SRS1992958_vamb_664
NODE_1954_length_1622_cov_163.764518	SRS1992958_vamb_664
NODE_1975_length_1599_cov_80.968912	SRS1992958_vamb_664
NODE_1977_length_1597_cov_10.567445	SRS1992958_vamb_664
NODE_1978_length_1594_cov_106.465887	SRS1992958_vamb_664
NODE_2000_length_1570_cov_26.963696	SRS1992958_vamb_370
NODE_2021_length_1552_cov_708.591182	SRS1992958_vamb_664
NODE_2022_length_1550_cov_7.046154	SRS1992958_vamb_1046
NODE_2024_length_1549_cov_81.791165	SRS1992958_vamb_664
NODE_2031_length_1544_cov_57.034923	SRS1992958_vamb_664
NODE_2037_length_1540_cov_147.137374	SRS1992958_vamb_664
NODE_2038_length_1540_cov_87.311111	SRS1992958_vamb_664
NODE_2046_length_1534_cov_14.298174	SRS1992958_vamb_2394
NODE_2071_length_1509_cov_120.856259	SRS1992958_vamb_664
NODE_2076_length_1506_cov_12.778084	SRS1992958_vamb_664
NODE_2087_length_1500_cov_84.193772	SRS1992958_vamb_664
NODE_2092_length_1495_cov_203.747222	SRS1992958_vamb_664
NODE_2110_length_1482_cov_34.022425	SRS1992958_vamb_664
NODE_2051_length_1531_cov_4.046070	SRS1992958_vamb_664
NODE_2111_length_1480_cov_22.782456	SRS1992958_vamb_664
NODE_1974_length_1602_cov_2.709761	SRS1992958_vamb_664
NODE_2120_length_1472_cov_165.282287	SRS1992958_vamb_664
NODE_2131_length_1462_cov_213.848614	SRS1992958_vamb_615
NODE_2165_length_1437_cov_5.394356	SRS1992958_vamb_664
NODE_2166_length_1436_cov_29.704562	SRS1992958_vamb_370
NODE_2168_length_1435_cov_16.817391	SRS1992958_vamb_664
NODE_2015_length_1559_cov_6.958112	SRS1992958_vamb_664
NODE_2167_length_1435_cov_147.267391	SRS1992958_vamb_2394
NODE_2188_length_1422_cov_1758.081200	SRS1992958_vamb_664
NODE_2190_length_1420_cov_367.605128	SRS1992958_vamb_2394
NODE_2191_length_1420_cov_20.941392	SRS1992958_vamb_664
NODE_2198_length_1417_cov_704.690162	SRS1992958_vamb_664
NODE_2207_length_1413_cov_1564.670103	SRS1992958_vamb_664
NODE_2210_length_1410_cov_1769.450185	SRS1992958_vamb_615
NODE_2211_length_1410_cov_60.038376	SRS1992958_vamb_370
NODE_2220_length_1404_cov_152.828021	SRS1992958_vamb_664
NODE_2225_length_1400_cov_6.919703	SRS1992958_vamb_664
NODE_2145_length_1451_cov_3.746418	SRS1992958_vamb_664
NODE_2241_length_1386_cov_28.299023	SRS1992958_vamb_615
NODE_2245_length_1384_cov_453.087284	SRS1992958_vamb_664
NODE_2262_length_1372_cov_73.745634	SRS1992958_vamb_664
NODE_2267_length_1368_cov_230.629094	SRS1992958_vamb_664
NODE_2294_length_1345_cov_16.082946	SRS1992958_vamb_664
NODE_2297_length_1344_cov_161.212568	SRS1992958_vamb_2394
NODE_2296_length_1344_cov_226.230411	SRS1992958_vamb_615
NODE_2270_length_1366_cov_166.413425	SRS1992958_vamb_664
NODE_2310_length_1337_cov_204.426677	SRS1992958_vamb_664
NODE_2323_length_1329_cov_4.039246	SRS1992958_vamb_664
NODE_2243_length_1385_cov_4.414286	SRS1992958_vamb_664
NODE_2342_length_1313_cov_15.192369	SRS1992958_vamb_2394
NODE_2349_length_1310_cov_85.802390	SRS1992958_vamb_664
NODE_2365_length_1302_cov_7.298316	SRS1992958_vamb_664
NODE_2368_length_1299_cov_7.250804	SRS1992958_vamb_664
NODE_2382_length_1287_cov_507.016234	SRS1992958_vamb_664
NODE_2414_length_1258_cov_158.429759	SRS1992958_vamb_370
NODE_2421_length_1254_cov_143.393661	SRS1992958_vamb_664
NODE_2437_length_1242_cov_4.494524	SRS1992958_vamb_664
NODE_2439_length_1240_cov_34.405063	SRS1992958_vamb_370
NODE_2454_length_1233_cov_200.752122	SRS1992958_vamb_664
NODE_2464_length_1229_cov_100.183986	SRS1992958_vamb_664
NODE_2471_length_1224_cov_168.230111	SRS1992958_vamb_664
NODE_2473_length_1222_cov_171.819195	SRS1992958_vamb_664
NODE_2487_length_1212_cov_4.939499	SRS1992958_vamb_664
NODE_2491_length_1210_cov_4.709091	SRS1992958_vamb_2394
NODE_2507_length_1197_cov_38.389667	SRS1992958_vamb_370
NODE_2509_length_1195_cov_1364.131579	SRS1992958_vamb_664
NODE_2527_length_1176_cov_195.012489	SRS1992958_vamb_664
NODE_2565_length_1152_cov_25.452142	SRS1992958_vamb_370
NODE_2575_length_1147_cov_3.101648	SRS1992958_vamb_664
NODE_2580_length_1144_cov_5.059688	SRS1992958_vamb_664
NODE_2584_length_1142_cov_117.194112	SRS1992958_vamb_664
NODE_2587_length_1141_cov_97.900552	SRS1992958_vamb_664
NODE_2592_length_1140_cov_3.413825	SRS1992958_vamb_664
NODE_2602_length_1135_cov_4.808333	SRS1992958_vamb_664
NODE_2606_length_1134_cov_4.301205	SRS1992958_vamb_664
NODE_2611_length_1132_cov_12.707521	SRS1992958_vamb_664
NODE_2612_length_1130_cov_190.927442	SRS1992958_vamb_664
NODE_2653_length_1109_cov_19.689753	SRS1992958_vamb_664
NODE_2657_length_1108_cov_5.468186	SRS1992958_vamb_664
NODE_2660_length_1107_cov_21.748099	SRS1992958_vamb_370
NODE_2636_length_1116_cov_40.777568	SRS1992958_vamb_664
NODE_2669_length_1101_cov_88.460803	SRS1992958_vamb_664
NODE_2713_length_1079_cov_74.952148	SRS1992958_vamb_664
NODE_2716_length_1078_cov_26.741935	SRS1992958_vamb_664
NODE_2727_length_1074_cov_124.876349	SRS1992958_vamb_664
NODE_2723_length_1076_cov_33.319295	SRS1992958_vamb_370
NODE_2730_length_1072_cov_5.454277	SRS1992958_vamb_664
NODE_2772_length_1056_cov_206.883117	SRS1992958_vamb_664
NODE_2789_length_1047_cov_180.650202	SRS1992958_vamb_615
NODE_2797_length_1043_cov_36.026316	SRS1992958_vamb_2394
NODE_2804_length_1041_cov_8.227181	SRS1992958_vamb_664
NODE_2807_length_1040_cov_111.094416	SRS1992958_vamb_664
NODE_2811_length_1039_cov_38.281504	SRS1992958_vamb_664
NODE_2810_length_1039_cov_72.041667	SRS1992958_vamb_664
NODE_2827_length_1031_cov_426.927254	SRS1992958_vamb_664
NODE_2831_length_1030_cov_12.710769	SRS1992958_vamb_664
NODE_2842_length_1025_cov_83.893814	SRS1992958_vamb_664
NODE_2845_length_1023_cov_91.278926	SRS1992958_vamb_664
NODE_2851_length_1022_cov_39.066184	SRS1992958_vamb_370
NODE_2852_length_1021_cov_275.536232	SRS1992958_vamb_664
NODE_2860_length_1018_cov_12.314642	SRS1992958_vamb_664
NODE_2867_length_1012_cov_3.982236	SRS1992958_vamb_664
NODE_2875_length_1007_cov_40.280462	SRS1992958_vamb_370
NODE_2883_length_1004_cov_5.668072	SRS1992958_vamb_664
NODE_2891_length_995_cov_160.927660	SRS1992958_vamb_370
NODE_2892_length_995_cov_152.720213	SRS1992958_vamb_370
NODE_2897_length_992_cov_114.482391	SRS1992958_vamb_664
NODE_2912_length_986_cov_147.090226	SRS1992958_vamb_664
NODE_2917_length_985_cov_171.549462	SRS1992958_vamb_664
NODE_2928_length_982_cov_7.842503	SRS1992958_vamb_664
NODE_2934_length_980_cov_1403.494054	SRS1992958_vamb_664
NODE_2936_length_979_cov_256.086580	SRS1992958_vamb_615
NODE_2940_length_978_cov_5.349946	SRS1992958_vamb_664
NODE_2971_length_962_cov_94.402426	SRS1992958_vamb_664
NODE_2985_length_959_cov_83.151549	SRS1992958_vamb_664
NODE_3013_length_950_cov_348.626816	SRS1992958_vamb_664
NODE_3014_length_950_cov_189.130726	SRS1992958_vamb_615
NODE_3017_length_949_cov_210.955257	SRS1992958_vamb_370
NODE_3036_length_942_cov_4.945885	SRS1992958_vamb_2394
NODE_3037_length_941_cov_115.554176	SRS1992958_vamb_664
NODE_3044_length_939_cov_221.478507	SRS1992958_vamb_664
NODE_3058_length_935_cov_3.736364	SRS1992958_vamb_664
NODE_3080_length_927_cov_76.245413	SRS1992958_vamb_664
NODE_3096_length_922_cov_190.357555	SRS1992958_vamb_664
NODE_3113_length_916_cov_7.735192	SRS1992958_vamb_664
NODE_3122_length_911_cov_12.706776	SRS1992958_vamb_664
NODE_3124_length_911_cov_3.903037	SRS1992958_vamb_664
NODE_3147_length_900_cov_34.441420	SRS1992958_vamb_664
NODE_3155_length_896_cov_151.697979	SRS1992958_vamb_664
NODE_3222_length_872_cov_3.253366	SRS1992958_vamb_2394
NODE_3233_length_867_cov_332.245074	SRS1992958_vamb_664
NODE_3240_length_864_cov_114.217553	SRS1992958_vamb_664
NODE_3253_length_861_cov_56.879653	SRS1992958_vamb_664
NODE_3255_length_860_cov_14.447205	SRS1992958_vamb_664
NODE_3259_length_859_cov_38.517413	SRS1992958_vamb_370
NODE_3268_length_853_cov_8.416040	SRS1992958_vamb_664
NODE_3272_length_851_cov_53.844221	SRS1992958_vamb_2394
NODE_3273_length_851_cov_17.954774	SRS1992958_vamb_664
NODE_3276_length_850_cov_6.924528	SRS1992958_vamb_2394
NODE_3292_length_845_cov_74.896203	SRS1992958_vamb_664
NODE_3307_length_839_cov_832.751276	SRS1992958_vamb_664
NODE_3311_length_836_cov_48.956466	SRS1992958_vamb_370
NODE_3314_length_835_cov_18.541026	SRS1992958_vamb_664
NODE_3327_length_831_cov_7.384021	SRS1992958_vamb_1046
NODE_3362_length_820_cov_9.375163	SRS1992958_vamb_664
NODE_3361_length_820_cov_1701.269281	SRS1992958_vamb_664
NODE_3379_length_813_cov_5.345646	SRS1992958_vamb_2394
NODE_3404_length_804_cov_124.753004	SRS1992958_vamb_664
NODE_3410_length_800_cov_72.742282	SRS1992958_vamb_664
NODE_3416_length_798_cov_22.397039	SRS1992958_vamb_370
NODE_3421_length_797_cov_2.235849	SRS1992958_vamb_664
NODE_3424_length_795_cov_6.001351	SRS1992958_vamb_664
NODE_3440_length_789_cov_6.964578	SRS1992958_vamb_664
NODE_3459_length_782_cov_402.795048	SRS1992958_vamb_664
NODE_3462_length_781_cov_151.535813	SRS1992958_vamb_664
NODE_3463_length_781_cov_56.447658	SRS1992958_vamb_664
NODE_3483_length_775_cov_53.813889	SRS1992958_vamb_370
NODE_3491_length_771_cov_76.844972	SRS1992958_vamb_664
NODE_3500_length_767_cov_543.532303	SRS1992958_vamb_615
NODE_3504_length_766_cov_40.323488	SRS1992958_vamb_370
NODE_3450_length_785_cov_50.468493	SRS1992958_vamb_664
NODE_3517_length_762_cov_7.763791	SRS1992958_vamb_664
NODE_3523_length_761_cov_129.330028	SRS1992958_vamb_664
NODE_3539_length_757_cov_935.487179	SRS1992958_vamb_664
NODE_3556_length_751_cov_102.382184	SRS1992958_vamb_664
NODE_3569_length_746_cov_7.189580	SRS1992958_vamb_664
NODE_3572_length_745_cov_3.714493	SRS1992958_vamb_370
NODE_3583_length_742_cov_102.425036	SRS1992958_vamb_664
NODE_3600_length_738_cov_13.327965	SRS1992958_vamb_1046
NODE_3607_length_736_cov_61.108664	SRS1992958_vamb_664
NODE_3624_length_729_cov_4.752226	SRS1992958_vamb_664
NODE_3629_length_728_cov_25.130758	SRS1992958_vamb_664
NODE_3673_length_712_cov_92.231355	SRS1992958_vamb_664
NODE_3672_length_712_cov_97.873668	SRS1992958_vamb_664
NODE_3686_length_709_cov_282.096330	SRS1992958_vamb_664
NODE_3689_length_708_cov_39.928025	SRS1992958_vamb_370
NODE_3693_length_707_cov_4.266871	SRS1992958_vamb_1046
NODE_3696_length_706_cov_12.219662	SRS1992958_vamb_664
NODE_3715_length_701_cov_17.131579	SRS1992958_vamb_664
NODE_3721_length_700_cov_10.077519	SRS1992958_vamb_664
NODE_3729_length_698_cov_63.744946	SRS1992958_vamb_664
NODE_3741_length_695_cov_88.990625	SRS1992958_vamb_664
NODE_2974_length_961_cov_4.502208	SRS1992958_vamb_664
NODE_3765_length_690_cov_2.759055	SRS1992958_vamb_664
NODE_3781_length_687_cov_50.754747	SRS1992958_vamb_664
NODE_3798_length_683_cov_4.539809	SRS1992958_vamb_664
NODE_3796_length_683_cov_8.843949	SRS1992958_vamb_664
NODE_3795_length_683_cov_86.800955	SRS1992958_vamb_664
NODE_3831_length_672_cov_230.905997	SRS1992958_vamb_664
NODE_3851_length_666_cov_15.499182	SRS1992958_vamb_370
NODE_3869_length_662_cov_138.161450	SRS1992958_vamb_664
NODE_3881_length_660_cov_5.543802	SRS1992958_vamb_1046
NODE_3884_length_659_cov_163.771523	SRS1992958_vamb_664
NODE_3897_length_657_cov_77.583056	SRS1992958_vamb_664
NODE_3942_length_648_cov_37.758853	SRS1992958_vamb_370
NODE_3946_length_647_cov_25.885135	SRS1992958_vamb_2394
NODE_3984_length_638_cov_36.893654	SRS1992958_vamb_370
NODE_3991_length_636_cov_269.759036	SRS1992958_vamb_615
NODE_4004_length_633_cov_346.892734	SRS1992958_vamb_615
NODE_4012_length_632_cov_60.502600	SRS1992958_vamb_664
NODE_4068_length_620_cov_10.578761	SRS1992958_vamb_664
NODE_4092_length_614_cov_77.416816	SRS1992958_vamb_664
NODE_4106_length_612_cov_112.881508	SRS1992958_vamb_664
NODE_4191_length_596_cov_39.859519	SRS1992958_vamb_2394
NODE_4213_length_593_cov_89.226766	SRS1992958_vamb_664
NODE_4252_length_587_cov_5.648496	SRS1992958_vamb_664
NODE_4263_length_585_cov_61.298113	SRS1992958_vamb_664
NODE_4283_length_582_cov_116.905123	SRS1992958_vamb_664
NODE_4284_length_582_cov_50.516129	SRS1992958_vamb_664
NODE_4337_length_574_cov_15.477842	SRS1992958_vamb_370
NODE_4398_length_563_cov_40.013780	SRS1992958_vamb_2394
NODE_4421_length_558_cov_55.952286	SRS1992958_vamb_370
NODE_4437_length_555_cov_16.346000	SRS1992958_vamb_370
NODE_4494_length_549_cov_124.000000	SRS1992958_vamb_664
NODE_4512_length_546_cov_20.266802	SRS1992958_vamb_664
NODE_4522_length_545_cov_349.828571	SRS1992958_vamb_615
NODE_4544_length_540_cov_24.000000	SRS1992958_vamb_664
NODE_4554_length_539_cov_20.524793	SRS1992958_vamb_664
NODE_4555_length_539_cov_3.572314	SRS1992958_vamb_2394
NODE_4576_length_537_cov_107.773859	SRS1992958_vamb_664
NODE_4575_length_537_cov_111.556017	SRS1992958_vamb_664
NODE_4574_length_537_cov_135.682573	SRS1992958_vamb_664
NODE_4592_length_535_cov_43.910417	SRS1992958_vamb_2394
NODE_4397_length_563_cov_67.976378	SRS1992958_vamb_664
NODE_4801_length_511_cov_16.651316	SRS1992958_vamb_664
NODE_4876_length_501_cov_64.127803	SRS1992958_vamb_664
NODE_4890_length_500_cov_6.337079	SRS1992958_vamb_1046
NODE_4924_length_497_cov_4.552036	SRS1992958_vamb_2394
NODE_4939_length_495_cov_36.981818	SRS1992958_vamb_370
NODE_4940_length_495_cov_21.465909	SRS1992958_vamb_370
NODE_4960_length_493_cov_18.504566	SRS1992958_vamb_664
NODE_4959_length_493_cov_227.465753	SRS1992958_vamb_2394
NODE_5006_length_488_cov_4.496536	SRS1992958_vamb_2394
NODE_5025_length_486_cov_38.450116	SRS1992958_vamb_664
NODE_5026_length_486_cov_32.993039	SRS1992958_vamb_664
NODE_5078_length_481_cov_638.694836	SRS1992958_vamb_2394
NODE_5079_length_481_cov_17.767606	SRS1992958_vamb_664
NODE_5094_length_479_cov_1046.290094	SRS1992958_vamb_664
NODE_5103_length_478_cov_7.231678	SRS1992958_vamb_664
NODE_5118_length_477_cov_77.028436	SRS1992958_vamb_664
NODE_5120_length_477_cov_4.720379	SRS1992958_vamb_2394
NODE_5117_length_477_cov_77.291469	SRS1992958_vamb_664
NODE_5142_length_475_cov_580.000000	SRS1992958_vamb_2394
NODE_5155_length_474_cov_41.114558	SRS1992958_vamb_370
NODE_5194_length_469_cov_4.367150	SRS1992958_vamb_664
NODE_5204_length_468_cov_11.905569	SRS1992958_vamb_370
NODE_5215_length_467_cov_11.592233	SRS1992958_vamb_664
NODE_5226_length_466_cov_26.394161	SRS1992958_vamb_370
NODE_5267_length_462_cov_208.542998	SRS1992958_vamb_664
NODE_5269_length_462_cov_8.941032	SRS1992958_vamb_664
NODE_5268_length_462_cov_9.837838	SRS1992958_vamb_664
NODE_5280_length_461_cov_1292.049261	SRS1992958_vamb_615
NODE_5313_length_457_cov_10.057214	SRS1992958_vamb_664
NODE_5331_length_456_cov_7.885287	SRS1992958_vamb_1046
NODE_5334_length_456_cov_4.638404	SRS1992958_vamb_2394
NODE_5332_length_456_cov_5.628429	SRS1992958_vamb_1046
NODE_5376_length_453_cov_50.597990	SRS1992958_vamb_664
NODE_5375_length_453_cov_96.924623	SRS1992958_vamb_664
NODE_5330_length_456_cov_159.184539	SRS1992958_vamb_615
NODE_5393_length_451_cov_76.570707	SRS1992958_vamb_664
NODE_5411_length_450_cov_70.106329	SRS1992958_vamb_664
NODE_5450_length_447_cov_106.599490	SRS1992958_vamb_664
NODE_5482_length_444_cov_72.521851	SRS1992958_vamb_664
NODE_5481_length_444_cov_92.041131	SRS1992958_vamb_664
NODE_5520_length_441_cov_236.427461	SRS1992958_vamb_664
NODE_5556_length_439_cov_7.494792	SRS1992958_vamb_664
NODE_5557_length_439_cov_4.515625	SRS1992958_vamb_664
NODE_5554_length_439_cov_59.664062	SRS1992958_vamb_664
NODE_5707_length_426_cov_75.371968	SRS1992958_vamb_664
NODE_5813_length_418_cov_18.234160	SRS1992958_vamb_664
NODE_5832_length_417_cov_108.135359	SRS1992958_vamb_664
NODE_5856_length_415_cov_8.791667	SRS1992958_vamb_664
NODE_5871_length_414_cov_23.398329	SRS1992958_vamb_664
NODE_5869_length_414_cov_667.721448	SRS1992958_vamb_2394
NODE_5870_length_414_cov_156.155989	SRS1992958_vamb_615
NODE_5914_length_411_cov_110.134831	SRS1992958_vamb_664
NODE_5943_length_409_cov_57.096045	SRS1992958_vamb_664
NODE_5942_length_409_cov_69.838983	SRS1992958_vamb_664
NODE_6073_length_400_cov_95.495652	SRS1992958_vamb_664
NODE_6107_length_398_cov_693.536443	SRS1992958_vamb_2394
NODE_6108_length_398_cov_54.017493	SRS1992958_vamb_664
NODE_6109_length_395_cov_412.767647	SRS1992958_vamb_2394
NODE_6112_length_394_cov_684.616519	SRS1992958_vamb_2394
NODE_6111_length_394_cov_1674.820059	SRS1992958_vamb_2394
NODE_6113_length_392_cov_78.008902	SRS1992958_vamb_664
NODE_6115_length_387_cov_51.942771	SRS1992958_vamb_664
NODE_6116_length_384_cov_206.966565	SRS1992958_vamb_2394
NODE_6118_length_379_cov_130.052469	SRS1992958_vamb_664
NODE_6121_length_374_cov_111.695925	SRS1992958_vamb_664
NODE_6122_length_369_cov_93.305732	SRS1992958_vamb_664
NODE_6123_length_365_cov_95.016129	SRS1992958_vamb_664
NODE_6124_length_358_cov_5.646865	SRS1992958_vamb_1046
NODE_6125_length_355_cov_3.496667	SRS1992958_vamb_1046
NODE_6126_length_354_cov_104.652174	SRS1992958_vamb_664
NODE_6127_length_354_cov_96.257525	SRS1992958_vamb_664
NODE_6129_length_354_cov_3.668896	SRS1992958_vamb_664
NODE_6130_length_353_cov_3.107383	SRS1992958_vamb_664
NODE_6131_length_352_cov_158.138047	SRS1992958_vamb_664
NODE_6132_length_352_cov_121.767677	SRS1992958_vamb_664
NODE_6134_length_351_cov_488.182432	SRS1992958_vamb_615
NODE_6135_length_351_cov_111.550676	SRS1992958_vamb_664
NODE_6137_length_350_cov_121.379661	SRS1992958_vamb_664
NODE_6141_length_342_cov_61.334495	SRS1992958_vamb_664
NODE_6143_length_341_cov_10.545455	SRS1992958_vamb_664
NODE_6145_length_339_cov_154.049296	SRS1992958_vamb_664
NODE_6149_length_336_cov_129.804270	SRS1992958_vamb_664
NODE_6150_length_333_cov_8.507194	SRS1992958_vamb_664
NODE_6154_length_326_cov_74.479705	SRS1992958_vamb_664
NODE_6155_length_326_cov_4.350554	SRS1992958_vamb_664
NODE_6156_length_325_cov_38.618519	SRS1992958_vamb_664
NODE_6159_length_324_cov_76.189591	SRS1992958_vamb_664
NODE_6160_length_322_cov_5832.539326	SRS1992958_vamb_664
NODE_6162_length_317_cov_6.095420	SRS1992958_vamb_664
NODE_6165_length_315_cov_56.223077	SRS1992958_vamb_664
NODE_6166_length_314_cov_15.706564	SRS1992958_vamb_664
NODE_6167_length_313_cov_203.251938	SRS1992958_vamb_664
NODE_6151_length_329_cov_157.043796	SRS1992958_vamb_370
NODE_6173_length_305_cov_143.980000	SRS1992958_vamb_664
NODE_6179_length_291_cov_81.830508	SRS1992958_vamb_664
NODE_6180_length_288_cov_350.223176	SRS1992958_vamb_664
NODE_6182_length_288_cov_54.077253	SRS1992958_vamb_2394
NODE_6185_length_285_cov_69.773913	SRS1992958_vamb_664
NODE_6188_length_282_cov_5.079295	SRS1992958_vamb_2394
NODE_6189_length_276_cov_233.158371	SRS1992958_vamb_664
NODE_6191_length_275_cov_61.877273	SRS1992958_vamb_664
NODE_6192_length_274_cov_239.529680	SRS1992958_vamb_615
NODE_6195_length_273_cov_5.743119	SRS1992958_vamb_664
NODE_6198_length_268_cov_165.399061	SRS1992958_vamb_664
NODE_6201_length_263_cov_9.360577	SRS1992958_vamb_664
NODE_6203_length_262_cov_36.763285	SRS1992958_vamb_615
NODE_6205_length_261_cov_27.733010	SRS1992958_vamb_370
NODE_6206_length_260_cov_101.873171	SRS1992958_vamb_664
NODE_6207_length_260_cov_39.912195	SRS1992958_vamb_664
NODE_6209_length_256_cov_236.497512	SRS1992958_vamb_2394
NODE_6210_length_255_cov_102.630000	SRS1992958_vamb_2394
NODE_6212_length_253_cov_78.020202	SRS1992958_vamb_664
NODE_6213_length_253_cov_16.484848	SRS1992958_vamb_664
NODE_6214_length_253_cov_6.424242	SRS1992958_vamb_664
NODE_6217_length_250_cov_68.466667	SRS1992958_vamb_664
NODE_6218_length_249_cov_98.603093	SRS1992958_vamb_2394
NODE_6220_length_248_cov_25.844560	SRS1992958_vamb_370
NODE_6225_length_246_cov_77.115183	SRS1992958_vamb_664
NODE_6226_length_246_cov_19.837696	SRS1992958_vamb_664
NODE_6227_length_244_cov_443.375661	SRS1992958_vamb_664
NODE_6229_length_243_cov_106.920213	SRS1992958_vamb_664
NODE_6230_length_242_cov_460.224599	SRS1992958_vamb_2394
NODE_6231_length_242_cov_83.866310	SRS1992958_vamb_664
NODE_6232_length_242_cov_31.802139	SRS1992958_vamb_2394
NODE_6233_length_241_cov_218.075269	SRS1992958_vamb_664
NODE_6235_length_241_cov_23.258065	SRS1992958_vamb_370
NODE_6234_length_241_cov_115.102151	SRS1992958_vamb_2394
NODE_6238_length_238_cov_812.316940	SRS1992958_vamb_664
NODE_6239_length_237_cov_54.681319	SRS1992958_vamb_664
NODE_6241_length_236_cov_59.696133	SRS1992958_vamb_615
NODE_6245_length_232_cov_56.175141	SRS1992958_vamb_664
NODE_6246_length_232_cov_3.875706	SRS1992958_vamb_664
NODE_6247_length_231_cov_6.750000	SRS1992958_vamb_664
NODE_6250_length_228_cov_257.098266	SRS1992958_vamb_2394
NODE_6251_length_228_cov_112.104046	SRS1992958_vamb_664
NODE_6244_length_233_cov_60.235955	SRS1992958_vamb_370
NODE_6253_length_224_cov_47.502959	SRS1992958_vamb_664
NODE_6254_length_223_cov_76.565476	SRS1992958_vamb_2394
NODE_6259_length_217_cov_80.919753	SRS1992958_vamb_664
NODE_6261_length_217_cov_61.543210	SRS1992958_vamb_664
NODE_6260_length_217_cov_64.932099	SRS1992958_vamb_2394
NODE_6258_length_217_cov_133.691358	SRS1992958_vamb_615
NODE_6263_length_214_cov_294.534591	SRS1992958_vamb_664
NODE_6264_length_214_cov_16.132075	SRS1992958_vamb_664
NODE_6266_length_213_cov_854.797468	SRS1992958_vamb_615
NODE_6267_length_212_cov_48.159236	SRS1992958_vamb_615
NODE_6268_length_212_cov_35.464968	SRS1992958_vamb_664
NODE_6269_length_210_cov_126.748387	SRS1992958_vamb_615
NODE_6271_length_210_cov_2.238710	SRS1992958_vamb_18
NODE_6273_length_207_cov_820.519737	SRS1992958_vamb_2394
NODE_6276_length_205_cov_32.993333	SRS1992958_vamb_2394
NODE_6277_length_204_cov_50.577181	SRS1992958_vamb_2394
NODE_6278_length_202_cov_1521.380952	SRS1992958_vamb_664
NODE_6279_length_202_cov_148.204082	SRS1992958_vamb_664
NODE_6282_length_201_cov_95.061644	SRS1992958_vamb_664
NODE_6283_length_200_cov_54.213793	SRS1992958_vamb_2394
NODE_6286_length_197_cov_91.732394	SRS1992958_vamb_664
NODE_6289_length_191_cov_218.375000	SRS1992958_vamb_615
NODE_6290_length_190_cov_218.881481	SRS1992958_vamb_370
NODE_6291_length_190_cov_40.222222	SRS1992958_vamb_2394
NODE_6293_length_188_cov_82.586466	SRS1992958_vamb_664
NODE_6292_length_188_cov_1864.075188	SRS1992958_vamb_2394
NODE_6297_length_185_cov_4.684615	SRS1992958_vamb_664
NODE_6298_length_184_cov_196.410853	SRS1992958_vamb_615
NODE_6299_length_184_cov_98.356589	SRS1992958_vamb_2394
NODE_6300_length_184_cov_8.147287	SRS1992958_vamb_664
NODE_6301_length_182_cov_25.708661	SRS1992958_vamb_370
NODE_6302_length_181_cov_1401.055556	SRS1992958_vamb_664
NODE_6303_length_181_cov_309.150794	SRS1992958_vamb_2394
NODE_6306_length_180_cov_96.816000	SRS1992958_vamb_664
NODE_6308_length_177_cov_55.844262	SRS1992958_vamb_664
NODE_6309_length_177_cov_34.303279	SRS1992958_vamb_370
NODE_6310_length_176_cov_27.785124	SRS1992958_vamb_2394
NODE_6311_length_176_cov_5.586777	SRS1992958_vamb_1046
NODE_6313_length_172_cov_141.358974	SRS1992958_vamb_664
NODE_6314_length_172_cov_84.888889	SRS1992958_vamb_664
NODE_6317_length_171_cov_66.362069	SRS1992958_vamb_664
NODE_6319_length_170_cov_78.886957	SRS1992958_vamb_664
NODE_6318_length_170_cov_133.304348	SRS1992958_vamb_615
NODE_6321_length_169_cov_57.833333	SRS1992958_vamb_664
NODE_6320_length_169_cov_75.885965	SRS1992958_vamb_664
NODE_6940_length_58_cov_2.743363	SRS1992958_vamb_1046
NODE_6322_length_167_cov_5.625000	SRS1992958_vamb_2394
NODE_6325_length_166_cov_16.522523	SRS1992958_vamb_664
NODE_6324_length_166_cov_17.513514	SRS1992958_vamb_664
NODE_6323_length_166_cov_500.864865	SRS1992958_vamb_615
NODE_6223_length_247_cov_296.057292	SRS1992958_vamb_664
NODE_6330_length_165_cov_5.327273	SRS1992958_vamb_2394
NODE_6333_length_163_cov_42.675926	SRS1992958_vamb_370
NODE_6335_length_162_cov_311.719626	SRS1992958_vamb_615
NODE_6336_length_162_cov_9.710280	SRS1992958_vamb_370
NODE_6339_length_161_cov_162.566038	SRS1992958_vamb_664
NODE_6340_length_161_cov_73.320755	SRS1992958_vamb_664
NODE_6331_length_164_cov_28.284404	SRS1992958_vamb_2394
NODE_6341_length_160_cov_5.828571	SRS1992958_vamb_1046
NODE_6344_length_159_cov_4.471154	SRS1992958_vamb_2394
NODE_6343_length_159_cov_140.076923	SRS1992958_vamb_664
NODE_6346_length_158_cov_72.893204	SRS1992958_vamb_664
NODE_6347_length_155_cov_224.250000	SRS1992958_vamb_664
NODE_6348_length_155_cov_59.520000	SRS1992958_vamb_664
NODE_6349_length_154_cov_175.242424	SRS1992958_vamb_664
NODE_6354_length_153_cov_5.581633	SRS1992958_vamb_2394
NODE_6352_length_153_cov_8.826531	SRS1992958_vamb_664
NODE_6351_length_153_cov_62.448980	SRS1992958_vamb_664
NODE_6350_length_153_cov_87.418367	SRS1992958_vamb_664
NODE_6356_length_152_cov_327.010309	SRS1992958_vamb_664
NODE_6357_length_152_cov_74.412371	SRS1992958_vamb_664
NODE_6359_length_151_cov_39.385417	SRS1992958_vamb_664
NODE_6363_length_150_cov_16.168421	SRS1992958_vamb_370
NODE_6362_length_150_cov_49.694737	SRS1992958_vamb_615
NODE_6361_length_150_cov_409.273684	SRS1992958_vamb_664
NODE_6364_length_149_cov_257.776596	SRS1992958_vamb_664
NODE_6365_length_149_cov_164.053191	SRS1992958_vamb_2394
NODE_6368_length_148_cov_72.956989	SRS1992958_vamb_664
NODE_6369_length_148_cov_1.709677	SRS1992958_vamb_664
NODE_6216_length_251_cov_279.316327	SRS1992958_vamb_664
NODE_6370_length_147_cov_19.663043	SRS1992958_vamb_664
NODE_6371_length_147_cov_13.717391	SRS1992958_vamb_664
NODE_6373_length_146_cov_78.010989	SRS1992958_vamb_664
NODE_6374_length_146_cov_6.241758	SRS1992958_vamb_664
NODE_6380_length_143_cov_23.761364	SRS1992958_vamb_370
NODE_6381_length_143_cov_22.681818	SRS1992958_vamb_370
NODE_6383_length_141_cov_562.151163	SRS1992958_vamb_664
NODE_6384_length_141_cov_11.302326	SRS1992958_vamb_664
NODE_6388_length_138_cov_26.397590	SRS1992958_vamb_370
NODE_6389_length_138_cov_22.409639	SRS1992958_vamb_2394
NODE_6390_length_137_cov_26.878049	SRS1992958_vamb_370
NODE_6391_length_136_cov_209.962963	SRS1992958_vamb_664
NODE_6392_length_136_cov_88.864198	SRS1992958_vamb_664
NODE_6395_length_134_cov_351.734177	SRS1992958_vamb_664
NODE_6396_length_134_cov_78.974684	SRS1992958_vamb_664
NODE_6398_length_133_cov_144.974359	SRS1992958_vamb_664
NODE_6399_length_133_cov_85.897436	SRS1992958_vamb_664
NODE_6402_length_132_cov_7.376623	SRS1992958_vamb_2394
NODE_6401_length_132_cov_15.792208	SRS1992958_vamb_370
NODE_6403_length_131_cov_251.657895	SRS1992958_vamb_2394
NODE_6404_length_131_cov_54.210526	SRS1992958_vamb_2394
NODE_6405_length_131_cov_46.868421	SRS1992958_vamb_664
NODE_6406_length_131_cov_36.736842	SRS1992958_vamb_2394
NODE_6407_length_131_cov_19.986842	SRS1992958_vamb_664
NODE_6409_length_130_cov_113.093333	SRS1992958_vamb_664
NODE_6411_length_130_cov_5.146667	SRS1992958_vamb_370
NODE_6413_length_129_cov_440.783784	SRS1992958_vamb_664
NODE_6414_length_129_cov_84.459459	SRS1992958_vamb_2394
NODE_6420_length_127_cov_52.194444	SRS1992958_vamb_664
NODE_6421_length_127_cov_51.111111	SRS1992958_vamb_664
NODE_6410_length_130_cov_73.693333	SRS1992958_vamb_664
NODE_6425_length_126_cov_6.394366	SRS1992958_vamb_664
NODE_6428_length_125_cov_117.128571	SRS1992958_vamb_664
NODE_6429_length_125_cov_17.414286	SRS1992958_vamb_370
NODE_6430_length_125_cov_4.885714	SRS1992958_vamb_2394
NODE_6435_length_124_cov_71.130435	SRS1992958_vamb_664
NODE_6433_length_124_cov_181.043478	SRS1992958_vamb_664
NODE_6434_length_124_cov_100.507246	SRS1992958_vamb_2394
NODE_6436_length_124_cov_11.159420	SRS1992958_vamb_664
NODE_6437_length_123_cov_28.838235	SRS1992958_vamb_370
NODE_6442_length_122_cov_3.238806	SRS1992958_vamb_664
NODE_6444_length_121_cov_20.515152	SRS1992958_vamb_370
NODE_6447_length_120_cov_7.523077	SRS1992958_vamb_664
NODE_6448_length_120_cov_3.615385	SRS1992958_vamb_664
NODE_6450_length_118_cov_86.158730	SRS1992958_vamb_370
NODE_6452_length_117_cov_165.016129	SRS1992958_vamb_664
NODE_6453_length_117_cov_83.403226	SRS1992958_vamb_664
NODE_6456_length_115_cov_93.166667	SRS1992958_vamb_2394
NODE_6457_length_115_cov_5.183333	SRS1992958_vamb_664
NODE_6463_length_114_cov_9.881356	SRS1992958_vamb_664
NODE_6461_length_114_cov_33.186441	SRS1992958_vamb_2394
NODE_6464_length_113_cov_113.310345	SRS1992958_vamb_370
NODE_6465_length_113_cov_58.551724	SRS1992958_vamb_664
NODE_6466_length_113_cov_41.362069	SRS1992958_vamb_2394
NODE_6467_length_112_cov_136.403509	SRS1992958_vamb_2394
NODE_6475_length_111_cov_16.696429	SRS1992958_vamb_370
NODE_6470_length_111_cov_485.142857	SRS1992958_vamb_664
NODE_6471_length_111_cov_414.857143	SRS1992958_vamb_664
NODE_6472_length_111_cov_300.482143	SRS1992958_vamb_664
NODE_6473_length_111_cov_96.285714	SRS1992958_vamb_664
NODE_6474_length_111_cov_32.553571	SRS1992958_vamb_615
NODE_6481_length_110_cov_55.672727	SRS1992958_vamb_664
NODE_6488_length_110_cov_3.109091	SRS1992958_vamb_664
NODE_6486_length_110_cov_5.072727	SRS1992958_vamb_664
NODE_6480_length_110_cov_81.272727	SRS1992958_vamb_664
NODE_6482_length_110_cov_47.890909	SRS1992958_vamb_2394
NODE_6483_length_110_cov_19.381818	SRS1992958_vamb_370
NODE_6484_length_110_cov_17.072727	SRS1992958_vamb_664
NODE_6485_length_110_cov_9.727273	SRS1992958_vamb_664
NODE_6494_length_109_cov_47.444444	SRS1992958_vamb_2394
NODE_6489_length_109_cov_213.111111	SRS1992958_vamb_2394
NODE_6490_length_109_cov_104.055556	SRS1992958_vamb_664
NODE_6491_length_109_cov_96.944444	SRS1992958_vamb_370
NODE_6492_length_109_cov_75.740741	SRS1992958_vamb_664
NODE_6501_length_109_cov_2.555556	SRS1992958_vamb_664
NODE_6493_length_109_cov_64.444444	SRS1992958_vamb_664
NODE_6495_length_109_cov_22.333333	SRS1992958_vamb_370
NODE_6496_length_109_cov_9.407407	SRS1992958_vamb_664
NODE_6498_length_109_cov_4.203704	SRS1992958_vamb_1046
NODE_6508_length_108_cov_65.433962	SRS1992958_vamb_664
NODE_6503_length_108_cov_634.811321	SRS1992958_vamb_664
NODE_6504_length_108_cov_205.641509	SRS1992958_vamb_664
NODE_6505_length_108_cov_81.094340	SRS1992958_vamb_664
NODE_6506_length_108_cov_80.169811	SRS1992958_vamb_664
NODE_6507_length_108_cov_65.452830	SRS1992958_vamb_664
NODE_6509_length_108_cov_62.905660	SRS1992958_vamb_664
NODE_6510_length_108_cov_53.716981	SRS1992958_vamb_664
NODE_6511_length_108_cov_18.490566	SRS1992958_vamb_370
NODE_6514_length_107_cov_100.115385	SRS1992958_vamb_664
NODE_6512_length_107_cov_185.923077	SRS1992958_vamb_2394
NODE_6519_length_107_cov_18.288462	SRS1992958_vamb_664
NODE_6518_length_107_cov_71.269231	SRS1992958_vamb_664
NODE_6513_length_107_cov_182.750000	SRS1992958_vamb_664
NODE_6515_length_107_cov_86.538462	SRS1992958_vamb_664
NODE_6517_length_107_cov_75.634615	SRS1992958_vamb_664
NODE_6516_length_107_cov_78.769231	SRS1992958_vamb_664
NODE_6523_length_106_cov_50.784314	SRS1992958_vamb_2394
NODE_6524_length_106_cov_25.686275	SRS1992958_vamb_370
NODE_6522_length_106_cov_70.686275	SRS1992958_vamb_664
NODE_6521_length_106_cov_92.862745	SRS1992958_vamb_664
NODE_6520_length_106_cov_117.294118	SRS1992958_vamb_664
NODE_6525_length_106_cov_15.176471	SRS1992958_vamb_664
NODE_6528_length_105_cov_66.380000	SRS1992958_vamb_664
NODE_6531_length_105_cov_4.300000	SRS1992958_vamb_664
NODE_6530_length_105_cov_13.820000	SRS1992958_vamb_370
NODE_6527_length_105_cov_115.620000	SRS1992958_vamb_2394
NODE_6529_length_105_cov_50.160000	SRS1992958_vamb_615
NODE_6534_length_104_cov_220.081633	SRS1992958_vamb_2394
NODE_6535_length_104_cov_171.755102	SRS1992958_vamb_664
NODE_6536_length_104_cov_40.000000	SRS1992958_vamb_615
NODE_6540_length_103_cov_22.229167	SRS1992958_vamb_2394
NODE_6543_length_103_cov_3.833333	SRS1992958_vamb_664
NODE_6538_length_103_cov_445.062500	SRS1992958_vamb_615
NODE_6547_length_102_cov_7.829787	SRS1992958_vamb_615
NODE_6549_length_102_cov_2.765957	SRS1992958_vamb_370
NODE_6546_length_102_cov_22.255319	SRS1992958_vamb_664
NODE_6544_length_102_cov_98.638298	SRS1992958_vamb_664
NODE_6545_length_102_cov_76.659574	SRS1992958_vamb_664
NODE_6554_length_101_cov_39.413043	SRS1992958_vamb_664
NODE_6555_length_101_cov_15.086957	SRS1992958_vamb_664
NODE_6550_length_101_cov_1214.847826	SRS1992958_vamb_664
NODE_6551_length_101_cov_152.913043	SRS1992958_vamb_664
NODE_6553_length_101_cov_54.760870	SRS1992958_vamb_664
NODE_6552_length_101_cov_140.456522	SRS1992958_vamb_664
NODE_6560_length_100_cov_179.533333	SRS1992958_vamb_664
NODE_6559_length_100_cov_194.933333	SRS1992958_vamb_664
NODE_6562_length_100_cov_22.377778	SRS1992958_vamb_664
NODE_6561_length_100_cov_167.933333	SRS1992958_vamb_615
NODE_6569_length_100_cov_3.511111	SRS1992958_vamb_370
NODE_6558_length_100_cov_238.444444	SRS1992958_vamb_664
NODE_6578_length_99_cov_47.613636	SRS1992958_vamb_664
NODE_6576_length_99_cov_58.863636	SRS1992958_vamb_664
NODE_6577_length_99_cov_53.340909	SRS1992958_vamb_664
NODE_6580_length_99_cov_9.886364	SRS1992958_vamb_664
NODE_6582_length_99_cov_4.659091	SRS1992958_vamb_664
NODE_6575_length_99_cov_74.613636	SRS1992958_vamb_664
NODE_6579_length_99_cov_11.022727	SRS1992958_vamb_664
NODE_6574_length_99_cov_91.022727	SRS1992958_vamb_664
NODE_6588_length_98_cov_14.697674	SRS1992958_vamb_664
NODE_6587_length_98_cov_19.372093	SRS1992958_vamb_370
NODE_6585_length_98_cov_299.093023	SRS1992958_vamb_370
NODE_6586_length_98_cov_202.906977	SRS1992958_vamb_2394
NODE_6589_length_98_cov_13.976744	SRS1992958_vamb_664
NODE_6591_length_97_cov_95.571429	SRS1992958_vamb_664
NODE_6593_length_97_cov_7.023810	SRS1992958_vamb_2394
NODE_6600_length_96_cov_39.317073	SRS1992958_vamb_664
NODE_6597_length_96_cov_67.463415	SRS1992958_vamb_664
NODE_6598_length_96_cov_67.439024	SRS1992958_vamb_664
NODE_6602_length_96_cov_24.121951	SRS1992958_vamb_370
NODE_6599_length_96_cov_59.536585	SRS1992958_vamb_664
NODE_6606_length_96_cov_3.975610	SRS1992958_vamb_664
NODE_6605_length_96_cov_6.048780	SRS1992958_vamb_664
NODE_6610_length_94_cov_115.358974	SRS1992958_vamb_664
NODE_6612_length_94_cov_96.000000	SRS1992958_vamb_664
NODE_6609_length_94_cov_124.589744	SRS1992958_vamb_615
NODE_6611_length_94_cov_111.384615	SRS1992958_vamb_2394
NODE_6613_length_94_cov_74.615385	SRS1992958_vamb_2394
NODE_6615_length_94_cov_6.641026	SRS1992958_vamb_2394
NODE_6619_length_93_cov_6.868421	SRS1992958_vamb_664
NODE_6620_length_92_cov_124.486486	SRS1992958_vamb_664
NODE_6622_length_92_cov_4.459459	SRS1992958_vamb_2394
NODE_6624_length_91_cov_45.055556	SRS1992958_vamb_664
NODE_6626_length_91_cov_7.722222	SRS1992958_vamb_664
NODE_6625_length_91_cov_37.722222	SRS1992958_vamb_664
NODE_6630_length_90_cov_1275.514286	SRS1992958_vamb_2394
NODE_6632_length_90_cov_11.600000	SRS1992958_vamb_370
NODE_6631_length_90_cov_24.971429	SRS1992958_vamb_664
NODE_6633_length_89_cov_174.029412	SRS1992958_vamb_370
NODE_6636_length_89_cov_15.617647	SRS1992958_vamb_370
NODE_6639_length_88_cov_199.272727	SRS1992958_vamb_664
NODE_6641_length_88_cov_17.333333	SRS1992958_vamb_370
NODE_6647_length_87_cov_547.156250	SRS1992958_vamb_664
NODE_6650_length_87_cov_4.156250	SRS1992958_vamb_664
NODE_6648_length_87_cov_18.781250	SRS1992958_vamb_370
NODE_6653_length_86_cov_459.419355	SRS1992958_vamb_664
NODE_6659_length_85_cov_29.266667	SRS1992958_vamb_664
NODE_6658_length_85_cov_170.033333	SRS1992958_vamb_664
NODE_6666_length_84_cov_555.724138	SRS1992958_vamb_664
NODE_6668_length_84_cov_38.448276	SRS1992958_vamb_370
NODE_6667_length_84_cov_122.724138	SRS1992958_vamb_615
NODE_6665_length_84_cov_683.413793	SRS1992958_vamb_664
NODE_6670_length_83_cov_68.892857	SRS1992958_vamb_664
NODE_6671_length_83_cov_50.357143	SRS1992958_vamb_664
NODE_6673_length_83_cov_17.178571	SRS1992958_vamb_664
NODE_6669_length_83_cov_147.321429	SRS1992958_vamb_664
NODE_6678_length_82_cov_119.666667	SRS1992958_vamb_615
NODE_6679_length_82_cov_43.629630	SRS1992958_vamb_664
NODE_6684_length_81_cov_247.307692	SRS1992958_vamb_2394
NODE_6685_length_81_cov_200.730769	SRS1992958_vamb_370
NODE_6686_length_81_cov_114.461538	SRS1992958_vamb_664
NODE_6687_length_81_cov_101.846154	SRS1992958_vamb_664
NODE_6690_length_81_cov_5.000000	SRS1992958_vamb_2394
NODE_6702_length_79_cov_766.541667	SRS1992958_vamb_664
NODE_6705_length_78_cov_540.652174	SRS1992958_vamb_615
NODE_6706_length_78_cov_21.565217	SRS1992958_vamb_370
NODE_6707_length_78_cov_20.130435	SRS1992958_vamb_370
NODE_6708_length_78_cov_19.565217	SRS1992958_vamb_370
NODE_6711_length_78_cov_6.347826	SRS1992958_vamb_664
NODE_6721_length_76_cov_876.000000	SRS1992958_vamb_2394
NODE_6722_length_76_cov_346.000000	SRS1992958_vamb_370
NODE_6724_length_76_cov_30.333333	SRS1992958_vamb_664
NODE_6727_length_75_cov_96.200000	SRS1992958_vamb_2394
NODE_6729_length_75_cov_4.000000	SRS1992958_vamb_1046
NODE_6732_length_74_cov_15.421053	SRS1992958_vamb_664
NODE_6740_length_73_cov_53.444444	SRS1992958_vamb_615
NODE_6741_length_73_cov_20.833333	SRS1992958_vamb_2394
NODE_6744_length_73_cov_11.000000	SRS1992958_vamb_370
NODE_6747_length_73_cov_3.722222	SRS1992958_vamb_370
NODE_6760_length_72_cov_3.823529	SRS1992958_vamb_370
NODE_6750_length_72_cov_106.470588	SRS1992958_vamb_2394
NODE_6751_length_72_cov_103.294118	SRS1992958_vamb_664
NODE_6753_length_72_cov_53.529412	SRS1992958_vamb_2394
NODE_6754_length_72_cov_48.705882	SRS1992958_vamb_2394
NODE_6756_length_72_cov_18.058824	SRS1992958_vamb_370
NODE_6770_length_70_cov_100.533333	SRS1992958_vamb_664
NODE_6771_length_70_cov_28.800000	SRS1992958_vamb_370
NODE_6777_length_69_cov_295.428571	SRS1992958_vamb_664
NODE_6788_length_69_cov_2.642857	SRS1992958_vamb_2394
NODE_6780_length_69_cov_216.214286	SRS1992958_vamb_664
NODE_6782_length_69_cov_77.214286	SRS1992958_vamb_2394
NODE_6779_length_69_cov_250.214286	SRS1992958_vamb_2394
NODE_6783_length_69_cov_62.642857	SRS1992958_vamb_2394
NODE_6786_length_69_cov_14.857143	SRS1992958_vamb_370
NODE_6778_length_69_cov_269.285714	SRS1992958_vamb_664
NODE_6789_length_68_cov_155.923077	SRS1992958_vamb_2394
NODE_6790_length_68_cov_39.461538	SRS1992958_vamb_370
NODE_6791_length_68_cov_3.846154	SRS1992958_vamb_370
NODE_6793_length_67_cov_242.666667	SRS1992958_vamb_664
NODE_6792_length_67_cov_406.333333	SRS1992958_vamb_664
NODE_6796_length_67_cov_21.500000	SRS1992958_vamb_664
NODE_6804_length_66_cov_76.909091	SRS1992958_vamb_2394
NODE_6805_length_66_cov_51.454545	SRS1992958_vamb_370
NODE_6809_length_66_cov_12.727273	SRS1992958_vamb_664
NODE_6806_length_66_cov_18.090909	SRS1992958_vamb_664
NODE_6810_length_66_cov_7.545455	SRS1992958_vamb_664
NODE_6812_length_66_cov_4.000000	SRS1992958_vamb_664
NODE_6807_length_66_cov_15.454545	SRS1992958_vamb_664
NODE_6814_length_66_cov_3.000000	SRS1992958_vamb_664
NODE_6817_length_65_cov_65.900000	SRS1992958_vamb_664
NODE_6824_length_65_cov_12.700000	SRS1992958_vamb_664
NODE_6825_length_65_cov_6.000000	SRS1992958_vamb_664
NODE_6816_length_65_cov_533.800000	SRS1992958_vamb_615
NODE_6818_length_65_cov_38.600000	SRS1992958_vamb_664
NODE_6828_length_64_cov_654.666667	SRS1992958_vamb_664
NODE_6829_length_64_cov_258.777778	SRS1992958_vamb_664
NODE_6830_length_64_cov_200.000000	SRS1992958_vamb_664
NODE_6831_length_64_cov_161.222222	SRS1992958_vamb_2394
NODE_6832_length_64_cov_82.666667	SRS1992958_vamb_370
NODE_6835_length_64_cov_40.000000	SRS1992958_vamb_664
NODE_6839_length_64_cov_13.333333	SRS1992958_vamb_664
NODE_6843_length_64_cov_4.777778	SRS1992958_vamb_370
NODE_6845_length_64_cov_2.666667	SRS1992958_vamb_664
NODE_6846_length_63_cov_232.000000	SRS1992958_vamb_664
NODE_6847_length_63_cov_152.750000	SRS1992958_vamb_664
NODE_6850_length_63_cov_11.000000	SRS1992958_vamb_664
NODE_6851_length_63_cov_10.625000	SRS1992958_vamb_2394
NODE_6852_length_63_cov_7.875000	SRS1992958_vamb_2394
NODE_6855_length_62_cov_19.714286	SRS1992958_vamb_664
NODE_6856_length_62_cov_18.000000	SRS1992958_vamb_370
NODE_6860_length_61_cov_396.333333	SRS1992958_vamb_664
NODE_6861_length_61_cov_274.500000	SRS1992958_vamb_2394
NODE_6862_length_61_cov_252.000000	SRS1992958_vamb_2394
NODE_6863_length_61_cov_144.166667	SRS1992958_vamb_2394
NODE_6864_length_61_cov_84.166667	SRS1992958_vamb_664
NODE_6865_length_61_cov_60.500000	SRS1992958_vamb_370
NODE_6867_length_61_cov_49.666667	SRS1992958_vamb_664
NODE_6874_length_61_cov_12.500000	SRS1992958_vamb_2394
NODE_6893_length_60_cov_16.000000	SRS1992958_vamb_664
NODE_6898_length_60_cov_7.600000	SRS1992958_vamb_664
NODE_6902_length_60_cov_4.200000	SRS1992958_vamb_664
NODE_6904_length_59_cov_723.750000	SRS1992958_vamb_2394
NODE_6905_length_59_cov_398.750000	SRS1992958_vamb_664
NODE_6907_length_59_cov_140.500000	SRS1992958_vamb_2394
NODE_6908_length_59_cov_125.000000	SRS1992958_vamb_370
NODE_6911_length_59_cov_47.750000	SRS1992958_vamb_370
NODE_6917_length_59_cov_18.000000	SRS1992958_vamb_370
NODE_6920_length_59_cov_5.750000	SRS1992958_vamb_664
NODE_6922_length_58_cov_892.333333	SRS1992958_vamb_664
NODE_6923_length_58_cov_354.333333	SRS1992958_vamb_615
NODE_6924_length_58_cov_271.333333	SRS1992958_vamb_664
NODE_6925_length_58_cov_190.333333	SRS1992958_vamb_664
NODE_6926_length_58_cov_180.666667	SRS1992958_vamb_664
NODE_6927_length_58_cov_82.666667	SRS1992958_vamb_370
NODE_6928_length_58_cov_66.333333	SRS1992958_vamb_370
NODE_6935_length_58_cov_17.000000	SRS1992958_vamb_370
NODE_6937_length_58_cov_10.000000	SRS1992958_vamb_664
NODE_6938_length_58_cov_8.000000	SRS1992958_vamb_664
NODE_6939_length_58_cov_7.000000	SRS1992958_vamb_664
NODE_6941_length_57_cov_1133.500000	SRS1992958_vamb_2394
NODE_6942_length_57_cov_1033.000000	SRS1992958_vamb_664
NODE_6943_length_57_cov_446.500000	SRS1992958_vamb_615
NODE_6944_length_57_cov_357.000000	SRS1992958_vamb_664
NODE_6945_length_57_cov_345.000000	SRS1992958_vamb_615
NODE_6946_length_57_cov_341.500000	SRS1992958_vamb_664
NODE_6947_length_57_cov_333.000000	SRS1992958_vamb_615
NODE_6948_length_57_cov_272.000000	SRS1992958_vamb_664
NODE_6949_length_57_cov_262.500000	SRS1992958_vamb_664
NODE_6950_length_57_cov_248.000000	SRS1992958_vamb_664
NODE_6951_length_57_cov_235.500000	SRS1992958_vamb_664
NODE_6952_length_57_cov_234.000000	SRS1992958_vamb_664
NODE_6953_length_57_cov_193.000000	SRS1992958_vamb_664
NODE_6954_length_57_cov_178.000000	SRS1992958_vamb_664
NODE_6955_length_57_cov_172.500000	SRS1992958_vamb_664
NODE_6956_length_57_cov_166.000000	SRS1992958_vamb_664
NODE_6957_length_57_cov_160.000000	SRS1992958_vamb_664
NODE_6958_length_57_cov_151.500000	SRS1992958_vamb_664
NODE_6959_length_57_cov_145.500000	SRS1992958_vamb_664
NODE_6960_length_57_cov_139.500000	SRS1992958_vamb_664
NODE_6961_length_57_cov_132.000000	SRS1992958_vamb_664
NODE_6962_length_57_cov_130.500000	SRS1992958_vamb_664
NODE_6963_length_57_cov_104.500000	SRS1992958_vamb_370
NODE_6964_length_57_cov_100.000000	SRS1992958_vamb_370
NODE_6965_length_57_cov_96.500000	SRS1992958_vamb_2394
NODE_6966_length_57_cov_94.000000	SRS1992958_vamb_370
NODE_6967_length_57_cov_90.000000	SRS1992958_vamb_370
NODE_6968_length_57_cov_82.500000	SRS1992958_vamb_370
NODE_6970_length_57_cov_48.000000	SRS1992958_vamb_370
NODE_6971_length_57_cov_42.000000	SRS1992958_vamb_370
NODE_6972_length_57_cov_36.500000	SRS1992958_vamb_664
NODE_6975_length_57_cov_21.000000	SRS1992958_vamb_664
NODE_6976_length_57_cov_18.500000	SRS1992958_vamb_664
NODE_6977_length_57_cov_14.000000	SRS1992958_vamb_370
NODE_6978_length_57_cov_11.500000	SRS1992958_vamb_664
NODE_7030_length_56_cov_265.000000	SRS1992958_vamb_664
NODE_7031_length_56_cov_257.000000	SRS1992958_vamb_664
NODE_7032_length_56_cov_255.000000	SRS1992958_vamb_664
NODE_7034_length_56_cov_239.000000	SRS1992958_vamb_664
NODE_7035_length_56_cov_233.000000	SRS1992958_vamb_664
NODE_7036_length_56_cov_232.000000	SRS1992958_vamb_664
NODE_7038_length_56_cov_226.000000	SRS1992958_vamb_664
NODE_7039_length_56_cov_226.000000	SRS1992958_vamb_664
NODE_7040_length_56_cov_226.000000	SRS1992958_vamb_664
NODE_7041_length_56_cov_225.000000	SRS1992958_vamb_664
NODE_7042_length_56_cov_217.000000	SRS1992958_vamb_664
NODE_7043_length_56_cov_216.000000	SRS1992958_vamb_2394
NODE_7044_length_56_cov_213.000000	SRS1992958_vamb_664
NODE_7046_length_56_cov_212.000000	SRS1992958_vamb_664
NODE_7047_length_56_cov_209.000000	SRS1992958_vamb_664
NODE_7048_length_56_cov_202.000000	SRS1992958_vamb_664
NODE_7050_length_56_cov_196.000000	SRS1992958_vamb_664
NODE_7051_length_56_cov_196.000000	SRS1992958_vamb_664
NODE_7052_length_56_cov_192.000000	SRS1992958_vamb_664
NODE_7054_length_56_cov_170.000000	SRS1992958_vamb_664
NODE_7055_length_56_cov_169.000000	SRS1992958_vamb_664
NODE_7056_length_56_cov_168.000000	SRS1992958_vamb_664
NODE_7057_length_56_cov_168.000000	SRS1992958_vamb_664
NODE_7058_length_56_cov_165.000000	SRS1992958_vamb_664
NODE_7059_length_56_cov_163.000000	SRS1992958_vamb_664
NODE_7060_length_56_cov_162.000000	SRS1992958_vamb_664
NODE_7062_length_56_cov_160.000000	SRS1992958_vamb_370
NODE_7063_length_56_cov_158.000000	SRS1992958_vamb_664
NODE_7064_length_56_cov_157.000000	SRS1992958_vamb_664
NODE_7066_length_56_cov_154.000000	SRS1992958_vamb_664
NODE_7067_length_56_cov_152.000000	SRS1992958_vamb_664
NODE_7068_length_56_cov_148.000000	SRS1992958_vamb_664
NODE_7070_length_56_cov_146.000000	SRS1992958_vamb_664
NODE_7071_length_56_cov_144.000000	SRS1992958_vamb_664
NODE_7072_length_56_cov_138.000000	SRS1992958_vamb_664
NODE_7073_length_56_cov_135.000000	SRS1992958_vamb_664
NODE_7074_length_56_cov_132.000000	SRS1992958_vamb_664
NODE_7075_length_56_cov_128.000000	SRS1992958_vamb_664
NODE_7076_length_56_cov_127.000000	SRS1992958_vamb_370
NODE_7078_length_56_cov_125.000000	SRS1992958_vamb_664
NODE_7079_length_56_cov_115.000000	SRS1992958_vamb_664
NODE_7080_length_56_cov_113.000000	SRS1992958_vamb_664
NODE_7082_length_56_cov_106.000000	SRS1992958_vamb_370
NODE_7083_length_56_cov_99.000000	SRS1992958_vamb_664
NODE_7084_length_56_cov_97.000000	SRS1992958_vamb_664
NODE_7033_length_56_cov_251.000000	SRS1992958_vamb_664
NODE_7086_length_56_cov_92.000000	SRS1992958_vamb_664
NODE_7037_length_56_cov_231.000000	SRS1992958_vamb_664
NODE_7087_length_56_cov_91.000000	SRS1992958_vamb_664
NODE_7088_length_56_cov_72.000000	SRS1992958_vamb_664
NODE_7089_length_56_cov_65.000000	SRS1992958_vamb_370
NODE_7090_length_56_cov_62.000000	SRS1992958_vamb_370
NODE_7091_length_56_cov_60.000000	SRS1992958_vamb_370
NODE_7092_length_56_cov_60.000000	SRS1992958_vamb_370
NODE_7094_length_56_cov_55.000000	SRS1992958_vamb_370
NODE_7045_length_56_cov_212.000000	SRS1992958_vamb_664
NODE_7096_length_56_cov_48.000000	SRS1992958_vamb_370
NODE_7099_length_56_cov_43.000000	SRS1992958_vamb_370
NODE_7049_length_56_cov_196.000000	SRS1992958_vamb_664
NODE_7102_length_56_cov_39.000000	SRS1992958_vamb_370
NODE_7053_length_56_cov_184.000000	SRS1992958_vamb_664
NODE_7103_length_56_cov_38.000000	SRS1992958_vamb_370
NODE_7104_length_56_cov_33.000000	SRS1992958_vamb_664
NODE_7105_length_56_cov_28.000000	SRS1992958_vamb_664
NODE_7108_length_56_cov_23.000000	SRS1992958_vamb_370
NODE_7061_length_56_cov_161.000000	SRS1992958_vamb_664
NODE_7114_length_56_cov_18.000000	SRS1992958_vamb_664
NODE_7115_length_56_cov_18.000000	SRS1992958_vamb_664
NODE_7116_length_56_cov_16.000000	SRS1992958_vamb_664
NODE_7065_length_56_cov_154.000000	SRS1992958_vamb_664
NODE_7118_length_56_cov_13.000000	SRS1992958_vamb_1046
NODE_7069_length_56_cov_148.000000	SRS1992958_vamb_664
NODE_7127_length_56_cov_3.000000	SRS1992958_vamb_370
NODE_6979_length_56_cov_1579.000000	SRS1992958_vamb_664
NODE_6980_length_56_cov_1156.000000	SRS1992958_vamb_664
NODE_7077_length_56_cov_126.000000	SRS1992958_vamb_664
NODE_7081_length_56_cov_111.000000	SRS1992958_vamb_664
NODE_6981_length_56_cov_1025.000000	SRS1992958_vamb_664
NODE_6982_length_56_cov_817.000000	SRS1992958_vamb_664
NODE_6983_length_56_cov_794.000000	SRS1992958_vamb_664
NODE_6984_length_56_cov_784.000000	SRS1992958_vamb_664
NODE_6985_length_56_cov_751.000000	SRS1992958_vamb_664
NODE_6986_length_56_cov_662.000000	SRS1992958_vamb_664
NODE_6987_length_56_cov_626.000000	SRS1992958_vamb_664
NODE_6988_length_56_cov_604.000000	SRS1992958_vamb_664
NODE_6989_length_56_cov_594.000000	SRS1992958_vamb_664
NODE_6990_length_56_cov_593.000000	SRS1992958_vamb_664
NODE_7093_length_56_cov_57.000000	SRS1992958_vamb_370
NODE_6991_length_56_cov_584.000000	SRS1992958_vamb_664
NODE_6992_length_56_cov_581.000000	SRS1992958_vamb_664
NODE_6993_length_56_cov_569.000000	SRS1992958_vamb_664
NODE_6994_length_56_cov_567.000000	SRS1992958_vamb_664
NODE_6995_length_56_cov_536.000000	SRS1992958_vamb_664
NODE_6996_length_56_cov_499.000000	SRS1992958_vamb_664
NODE_7097_length_56_cov_44.000000	SRS1992958_vamb_370
NODE_6997_length_56_cov_495.000000	SRS1992958_vamb_664
NODE_6998_length_56_cov_478.000000	SRS1992958_vamb_664
NODE_6999_length_56_cov_474.000000	SRS1992958_vamb_664
NODE_7000_length_56_cov_464.000000	SRS1992958_vamb_664
NODE_7001_length_56_cov_413.000000	SRS1992958_vamb_664
NODE_7002_length_56_cov_413.000000	SRS1992958_vamb_664
NODE_7003_length_56_cov_411.000000	SRS1992958_vamb_664
NODE_7004_length_56_cov_409.000000	SRS1992958_vamb_664
NODE_7109_length_56_cov_22.000000	SRS1992958_vamb_664
NODE_7005_length_56_cov_391.000000	SRS1992958_vamb_664
NODE_7006_length_56_cov_382.000000	SRS1992958_vamb_664
NODE_7007_length_56_cov_379.000000	SRS1992958_vamb_664
NODE_7008_length_56_cov_367.000000	SRS1992958_vamb_664
NODE_7009_length_56_cov_363.000000	SRS1992958_vamb_615
NODE_7010_length_56_cov_360.000000	SRS1992958_vamb_664
NODE_7011_length_56_cov_358.000000	SRS1992958_vamb_664
NODE_7012_length_56_cov_355.000000	SRS1992958_vamb_664
NODE_7117_length_56_cov_14.000000	SRS1992958_vamb_664
NODE_7013_length_56_cov_349.000000	SRS1992958_vamb_664
NODE_7014_length_56_cov_332.000000	SRS1992958_vamb_664
NODE_7015_length_56_cov_329.000000	SRS1992958_vamb_664
NODE_7016_length_56_cov_327.000000	SRS1992958_vamb_664
NODE_7017_length_56_cov_317.000000	SRS1992958_vamb_664
NODE_7018_length_56_cov_315.000000	SRS1992958_vamb_664
NODE_7019_length_56_cov_310.000000	SRS1992958_vamb_664
NODE_7020_length_56_cov_306.000000	SRS1992958_vamb_664
NODE_7021_length_56_cov_306.000000	SRS1992958_vamb_664
NODE_7022_length_56_cov_295.000000	SRS1992958_vamb_664
NODE_7023_length_56_cov_291.000000	SRS1992958_vamb_664
NODE_7024_length_56_cov_289.000000	SRS1992958_vamb_664
NODE_7025_length_56_cov_285.000000	SRS1992958_vamb_664
NODE_7026_length_56_cov_281.000000	SRS1992958_vamb_664
NODE_7027_length_56_cov_280.000000	SRS1992958_vamb_664
NODE_7028_length_56_cov_272.000000	SRS1992958_vamb_664
